<favourites>
	<favourite name="Populair" thumb="special://home/addons/plugin.video.afkmenu/logos/navigatie/featured.png">ActivateWindow(10025,&quot;plugin://plugin.video.rebirth/?action=movies&amp;url=trending&quot;)</favourite>
    <favourite name="Zoeken" thumb="special://home/addons/plugin.video.afkmenu/logos/navigatie/search.png">ActivateWindow(10025,&quot;plugin://plugin.video.rebirth/?action=movieSearch&quot;)</favourite>
    <favourite name="Meest Opgebracht" thumb="special://home/addons/plugin.video.afkmenu/logos/navigatie/box-office.png">ActivateWindow(10025,&quot;plugin://plugin.video.rebirth/?action=movies&amp;url=boxoffice&quot;)</favourite>
    <favourite name="Zoeken op Genres" thumb="special://home/addons/plugin.video.afkmenu/logos/navigatie/genres.png">ActivateWindow(10025,&quot;plugin://plugin.video.rebirth/?action=movieGenres&quot;)</favourite>
    <favourite name="Oscar Winnaars" thumb="special://home/addons/plugin.video.afkmenu/logos/navigatie/oscar-winners.png">ActivateWindow(10025,&quot;plugin://plugin.video.rebirth/?action=movies&amp;url=oscars&quot;)</favourite>
    <favourite name="Zoeken op Jaren" thumb="special://home/addons/plugin.video.afkmenu/logos/navigatie/years.png">ActivateWindow(10025,&quot;plugin://plugin.video.rebirth/?action=movieYears&quot;)</favourite>
    <favourite name="Meest Bekeken" thumb="special://home/addons/plugin.video.afkmenu/logos/navigatie/people-watching.png">ActivateWindow(10025,&quot;plugin://plugin.video.rebirth/?action=movies&amp;url=views&quot;)</favourite>
    <favourite name="Zoek Acteurs" thumb="special://home/addons/plugin.video.afkmenu/logos/navigatie/people-search.png">ActivateWindow(10025,&quot;plugin://plugin.video.rebirth/?action=moviePerson&quot;)</favourite>
    <favourite name="Kijkwijzer" thumb="special://home/addons/plugin.video.afkmenu/logos/navigatie/certificates.png">ActivateWindow(10025,&quot;plugin://plugin.video.rebirth/?action=movieCertificates&quot;)</favourite>
    <favourite name="Mijn Lijsten - TRAKT" thumb="special://home/addons/plugin.video.afkmenu/logos/navigatie/trakt.png">ActivateWindow(10025,&quot;plugin://plugin.program.super.favourites/?label=Traktrebirth&amp;mode=400&amp;path=special%3A%2F%2Fhome%2Faddons%2Fplugin.video.afkmenu%2Fmenu%5CSuper+Favourites%5Cmappen%5Ctraktrebirth&amp;sf_options=winID%3D10025%26desc%3DHou+bij+wat+je+kijkt+met+trakt.tv%26_options_sf&quot;)</favourite>
</favourites>