<favourites>
    <favourite name="Aflevering Gemist" thumb="special://home/addons/plugin.video.menu/logos/navigatie/tvguide.png">ActivateWindow(10025,&quot;plugin://plugin.video.retrospect/?action=listcategory&amp;category=National&amp;sf_options=winID%3D10025%26desc%3DKijk+je+favoriete+aflevering+terug.%26_options_sf&quot;,return)</favourite>
    <favourite name="Kids World" thumb="special://home/addons/plugin.video.menu/logos/navigatie/octo.png">ActivateWindow(10025,&quot;plugin://plugin.program.super.favourites/?label=kidsworld&amp;mode=400&amp;path=special%3A%2F%2Fhome%2Faddons%2Fplugin.video.menu%2Fmenu%5CSuper+Favourites%5Cmappen%5Ckids&amp;sf_options=winID%3D10025%26desc%3DKinder+gedeelte+met+Series+en+Films.%26_options_sf&quot;,return)</favourite>
    <favourite name="Humor en Kanalen" thumb="special://home/addons/plugin.video.menu/logos/navigatie/fun.png">ActivateWindow(10025,&quot;plugin://plugin.program.super.favourites/?label=humor&amp;mode=400&amp;path=special%3A%2F%2Fhome%2Faddons%2Fplugin.video.menu%2Fmenu%5CSuper+Favourites%5Cmappen%5Chumor&amp;sf_options=winID%3D10025%26desc%3DHumor+kanalen+en+meer!+Zoals+Dumpert,+KUD,+Lubach,+etc..%26_options_sf&quot;,return)</favourite>
    <favourite name="Anime" thumb="special://home/addons/plugin.video.menu/logos/navigatie/anime.png">ActivateWindow(10025,&quot;plugin://plugin.program.super.favourites/?label=Anime&amp;mode=400&amp;path=special%3A%2F%2Fhome%2Faddons%2Fplugin.video.menu%2Fmenu%5CSuper+Favourites%5Cmappen%5Canime&amp;sf_options=winID%3D10025%26desc%3DGroot+aanbod+van+anime+series%26_options_sf&quot;,return)</favourite>
    <favourite name="Documentaires" thumb="special://home/addons/plugin.video.menu/logos/navigatie/pictures.png">ActivateWindow(1114)</favourite>
    <favourite name="Fitness" thumb="special://home/addons/plugin.video.menu/logos/navigatie/run.png">ActivateWindow(10025,&quot;plugin://plugin.video.atreides/?action=fitness&amp;sf_options=winID%3D10025%26desc%3DOp+zoek+naar+een+workout+vind+ze+hier.%26_options_sf&quot;,return)</favourite>
    <favourite name="YouTube" thumb="special://home/addons/plugin.video.menu/logos/navigatie/youtube.png">ActivateWindow(10025,&quot;plugin://plugin.video.youtube/?&amp;sf_options=winID%3D10025%26desc%3DKijk+alles+wat+youtube+te+bieden+heeft.%26_options_sf&quot;,return)</favourite>
    <favourite name="Twitch" thumb="special://home/addons/plugin.video.menu/logos/navigatie/twitch.png">ActivateWindow(10025,&quot;plugin://plugin.video.twitch/?&amp;sf_options=winID%3D10025%26desc%3DBekijk+streamers+van+de+hele+wereld+live+via+Twitch.%26_options_sf&quot;,return)</favourite>
</favourites>
