<?xml version="1.0" encoding="UTF-8" standalone="yes"?><addon id="plugin.video.Universe" name="[COLOR red]Universe[/COLOR]" version="1.2.1" provider-name="Worldkodi">  <requires>    <import addon="xbmc.python" version="2.1.0"/>    <import addon="script.module.simplejson" version="3.3.0"/>    <import addon="script.module.urlresolver"  version="2.1.2"/>    <import addon="script.module.liveresolver" version="0.1.24"/>    <import addon="script.common.plugin.cache" version="2.5.2"/>    <import addon="script.module.metahandler" version="2.5.1"/>    <import addon="plugin.video.youtube" optional="true" />  </requires>  <extension point="xbmc.python.pluginsource" library="Universe.py">        <provides>video</provides>  </extension>  <extension point="xbmc.addon.metadata">    <summary lang="en">Universe Movies</summary>    <description lang="en">Movies To Watch For The Entire Family. Includes the Best copies of content available.</description>    <disclaimer lang="en">The author does not host or distribute any of the content displayed by this addon. The author does not have any affiliation with the content provider.</disclaimer>    <platform>all</platform>  </extension></addon>