<?xml version="1.0" encoding="UTF-8"?>
    <addon id="repository.multirepo" name="Multi Repo" version="4.0.2" provider-name="Angel">
	<extension point="xbmc.addon.repository" name="Multi Repository">
    <dir>
            <info compressed="false">https://raw.githubusercontent.com/jsergio123/zips/master/addons.xml</info>
            <checksum>https://raw.githubusercontent.com/jsergio123/zips/master/addons.xml.md5</checksum>
            <datadir zip="true">https://raw.githubusercontent.com/jsergio123/zips/master/</datadir>
    </dir>
    <dir>
            <info compressed="false">https://raw.githubusercontent.com/therealatreides/houseatreides/master/_housefiles/addons.xml</info>
            <checksum>https://raw.githubusercontent.com/therealatreides/houseatreides/master/_housefiles/addons.xml.md5</checksum>
            <datadir zip="true">https://raw.githubusercontent.com/therealatreides/houseatreides/master/_housefiles/</datadir>
    </dir>
    <dir>
            <info compressed="false">https://raw.githubusercontent.com/totalrevolution/python-koding/master/zips/addons.xml</info>
            <checksum>https://raw.githubusercontent.com/totalrevolution/python-koding/master/zips/addons.xml.md5</checksum>
            <datadir zip="true">https://raw.githubusercontent.com/totalrevolution/python-koding/master/zips/</datadir>
    </dir>
    <dir>
            <info compressed="false">https://raw.githubusercontent.com/teamuniversal/scrapers/master/_modules4all/zips/addons.xml</info>
            <checksum>https://raw.githubusercontent.com/teamuniversal/scrapers/master/_modules4all/zips/addons.xml.md5</checksum>
            <datadir zip="true">https://raw.githubusercontent.com/teamuniversal/scrapers/master/_modules4all/zips/</datadir>
    </dir>
	</extension>
	<extension point="xbmc.addon.metadata">
		<summary>Official Zatrix Project multi repo</summary>
		<description lang="en">Download and install addons from difrom diffrent repos</description>
		<platform>all</platform>
	</extension>
</addon>