  <dir>
    <title>1878</title>
    <tmdb>year/movies/1878</tmdb>
    <summary>Browse movies released in 1878</summary>
    <thumbnail>https://raw.githubusercontent.com/OpenELEQ/repository.elysium/master/images/Default/1878.png</thumbnail>
  </dir>

  <dir>
    <title>1874</title>
    <tmdb>year/movies/1874</tmdb>
    <summary>Browse movies released in 1874</summary>
    <thumbnail>https://raw.githubusercontent.com/OpenELEQ/repository.elysium/master/images/Default/1874.png</thumbnail>
  </dir>