  <dir>
    <title>1969</title>
    <tmdb>year/movies/1969</tmdb>
    <summary>Browse movies released in 1969</summary>
    <thumbnail>https://raw.githubusercontent.com/OpenELEQ/repository.elysium/master/images/Default/1969.png</thumbnail>
  </dir>

  <dir>
    <title>1968</title>
    <tmdb>year/movies/1968</tmdb>
    <summary>Browse movies released in 1968</summary>
    <thumbnail>https://raw.githubusercontent.com/OpenELEQ/repository.elysium/master/images/Default/1968.png</thumbnail>
  </dir>

  <dir>
    <title>1967</title>
    <tmdb>year/movies/1967</tmdb>
    <summary>Browse movies released in 1967</summary>
    <thumbnail>https://raw.githubusercontent.com/OpenELEQ/repository.elysium/master/images/Default/1967.png</thumbnail>
  </dir>

  <dir>
    <title>1966</title>
    <tmdb>year/movies/1966</tmdb>
    <summary>Browse movies released in 1966</summary>
    <thumbnail>https://raw.githubusercontent.com/OpenELEQ/repository.elysium/master/images/Default/1966.png</thumbnail>
  </dir>

  <dir>
    <title>1965</title>
    <tmdb>year/movies/1965</tmdb>
    <summary>Browse movies released in 1965</summary>
    <thumbnail>https://raw.githubusercontent.com/OpenELEQ/repository.elysium/master/images/Default/1965.png</thumbnail>
  </dir>

  <dir>
    <title>1964</title>
    <tmdb>year/movies/1964</tmdb>
    <summary>Browse movies released in 1964</summary>
    <thumbnail>https://raw.githubusercontent.com/OpenELEQ/repository.elysium/master/images/Default/1964.png</thumbnail>
  </dir>

  <dir>
    <title>1963</title>
    <tmdb>year/movies/1963</tmdb>
    <summary>Browse movies released in 1963</summary>
    <thumbnail>https://raw.githubusercontent.com/OpenELEQ/repository.elysium/master/images/Default/1963.png</thumbnail>
  </dir>

  <dir>
    <title>1962</title>
    <tmdb>year/movies/1962</tmdb>
    <summary>Browse movies released in 1962</summary>
    <thumbnail>https://raw.githubusercontent.com/OpenELEQ/repository.elysium/master/images/Default/1962.png</thumbnail>
  </dir>

  <dir>
    <title>1961</title>
    <tmdb>year/movies/1961</tmdb>
    <summary>Browse movies released in 1961</summary>
    <thumbnail>https://raw.githubusercontent.com/OpenELEQ/repository.elysium/master/images/Default/1961.png</thumbnail>
  </dir>

  <dir>
    <title>1960</title>
    <tmdb>year/movies/1960</tmdb>
    <summary>Browse movies released in 1960</summary>
    <thumbnail>https://raw.githubusercontent.com/OpenELEQ/repository.elysium/master/images/Default/1960.png</thumbnail>
  </dir>