  <dir>
    <title>1959</title>
    <tmdb>year/movies/1959</tmdb>
    <summary>Browse movies released in 1959</summary>
    <thumbnail>https://raw.githubusercontent.com/OpenELEQ/repository.elysium/master/images/Default/1959.png</thumbnail>
  </dir>

  <dir>
    <title>1958</title>
    <tmdb>year/movies/1958</tmdb>
    <summary>Browse movies released in 1958</summary>
    <thumbnail>https://raw.githubusercontent.com/OpenELEQ/repository.elysium/master/images/Default/1958.png</thumbnail>
  </dir>

  <dir>
    <title>1957</title>
    <tmdb>year/movies/1957</tmdb>
    <summary>Browse movies released in 1957</summary>
    <thumbnail>https://raw.githubusercontent.com/OpenELEQ/repository.elysium/master/images/Default/1957.png</thumbnail>
  </dir>

  <dir>
    <title>1956</title>
    <tmdb>year/movies/1956</tmdb>
    <summary>Browse movies released in 1956</summary>
    <thumbnail>https://raw.githubusercontent.com/OpenELEQ/repository.elysium/master/images/Default/1956.png</thumbnail>
  </dir>

  <dir>
    <title>1955</title>
    <tmdb>year/movies/1955</tmdb>
    <summary>Browse movies released in 1955</summary>
    <thumbnail>https://raw.githubusercontent.com/OpenELEQ/repository.elysium/master/images/Default/1955.png</thumbnail>
  </dir>

  <dir>
    <title>1954</title>
    <tmdb>year/movies/1954</tmdb>
    <summary>Browse movies released in 1954</summary>
    <thumbnail>https://raw.githubusercontent.com/OpenELEQ/repository.elysium/master/images/Default/1954.png</thumbnail>
  </dir>

  <dir>
    <title>1953</title>
    <tmdb>year/movies/1953</tmdb>
    <summary>Browse movies released in 1953</summary>
    <thumbnail>https://raw.githubusercontent.com/OpenELEQ/repository.elysium/master/images/Default/1953.png</thumbnail>
  </dir>

  <dir>
    <title>1952</title>
    <tmdb>year/movies/1952</tmdb>
    <summary>Browse movies released in 1952</summary>
    <thumbnail>https://raw.githubusercontent.com/OpenELEQ/repository.elysium/master/images/Default/1952.png</thumbnail>
  </dir>

  <dir>
    <title>1951</title>
    <tmdb>year/movies/1951</tmdb>
    <summary>Browse movies released in 1951</summary>
    <thumbnail>https://raw.githubusercontent.com/OpenELEQ/repository.elysium/master/images/Default/1951.png</thumbnail>
  </dir>

  <dir>
    <title>1950</title>
    <tmdb>year/movies/1950</tmdb>
    <summary>Browse movies released in 1950</summary>
    <thumbnail>https://raw.githubusercontent.com/OpenELEQ/repository.elysium/master/images/Default/1950.png</thumbnail>
  </dir>