  <dir>
    <title>1989</title>
    <tmdb>year/movies/1989</tmdb>
    <summary>Browse movies released in 1989</summary>
    <thumbnail>https://raw.githubusercontent.com/OpenELEQ/repository.elysium/master/images/Default/1989.png</thumbnail>
  </dir>

  <dir>
    <title>1988</title>
    <tmdb>year/movies/1988</tmdb>
    <summary>Browse movies released in 1988</summary>
    <thumbnail>https://raw.githubusercontent.com/OpenELEQ/repository.elysium/master/images/Default/1988.png</thumbnail>
  </dir>

  <dir>
    <title>1987</title>
    <tmdb>year/movies/1987</tmdb>
    <summary>Browse movies released in 1987</summary>
    <thumbnail>https://raw.githubusercontent.com/OpenELEQ/repository.elysium/master/images/Default/1987.png</thumbnail>
  </dir>

  <dir>
    <title>1986</title>
    <tmdb>year/movies/1986</tmdb>
    <summary>Browse movies released in 1986</summary>
    <thumbnail>https://raw.githubusercontent.com/OpenELEQ/repository.elysium/master/images/Default/1986.png</thumbnail>
  </dir>

  <dir>
    <title>1985</title>
    <tmdb>year/movies/1985</tmdb>
    <summary>Browse movies released in 1985</summary>
    <thumbnail>https://raw.githubusercontent.com/OpenELEQ/repository.elysium/master/images/Default/1985.png</thumbnail>
  </dir>

  <dir>
    <title>1984</title>
    <tmdb>year/movies/1984</tmdb>
    <summary>Browse movies released in 1984</summary>
    <thumbnail>https://raw.githubusercontent.com/OpenELEQ/repository.elysium/master/images/Default/1984.png</thumbnail>
  </dir>

  <dir>
    <title>1983</title>
    <tmdb>year/movies/1983</tmdb>
    <summary>Browse movies released in 1983</summary>
    <thumbnail>https://raw.githubusercontent.com/OpenELEQ/repository.elysium/master/images/Default/1983.png</thumbnail>
  </dir>

  <dir>
    <title>1982</title>
    <tmdb>year/movies/1982</tmdb>
    <summary>Browse movies released in 1982</summary>
    <thumbnail>https://raw.githubusercontent.com/OpenELEQ/repository.elysium/master/images/Default/1982.png</thumbnail>
  </dir>

  <dir>
    <title>1981</title>
    <tmdb>year/movies/1981</tmdb>
    <summary>Browse movies released in 1981</summary>
    <thumbnail>https://raw.githubusercontent.com/OpenELEQ/repository.elysium/master/images/Default/1981.png</thumbnail>
  </dir>

  <dir>
    <title>1980</title>
    <tmdb>year/movies/1980</tmdb>
    <summary>Browse movies released in 1980</summary>
    <thumbnail>https://raw.githubusercontent.com/OpenELEQ/repository.elysium/master/images/Default/1980.png</thumbnail>
  </dir>