  <dir>
    <title>2000-2018</title>
    <link>file://shared lists/movies-2000-2018.xml</link>
    <summary>Browse movies released in the 21st century</summary>
    <thumbnail>https://raw.githubusercontent.com/OpenELEQ/repository.elysium/master/images/Default/2000-2018.png</thumbnail>
  </dir>

  <dir>
    <title>1900-1999</title>
    <link>file://shared lists/movies-1900-1999.xml</link>
    <summary>Browse movies released in the 20th century</summary>
    <thumbnail>https://raw.githubusercontent.com/OpenELEQ/repository.elysium/master/images/Default/1900-1999.png</thumbnail>
  </dir>

  <dir>
    <title>1874-1899</title>
    <link>file://shared lists/movies-1874-1899.xml</link>
    <summary>Browse movies released in the 19th century</summary>
    <thumbnail>https://raw.githubusercontent.com/OpenELEQ/repository.elysium/master/images/Default/1874-1899.png</thumbnail>
  </dir>

  <dir>
    <title>2010-2018</title>
    <link>file://shared lists/movies-2010-2018.xml</link>
    <summary>Browse movies released in the 2010s</summary>
    <thumbnail>https://raw.githubusercontent.com/OpenELEQ/repository.elysium/master/images/Default/2010-2018.png</thumbnail>
  </dir>

  <dir>
    <title>2000-2009</title>
    <link>file://shared lists/movies-2000-2009.xml</link>
    <summary>Browse movies released in the 2000s</summary>
    <thumbnail>https://raw.githubusercontent.com/OpenELEQ/repository.elysium/master/images/Default/2000-2009.png</thumbnail>
  </dir>

  <dir>
    <title>1990-1999</title>
    <link>file://shared lists/movies-1990-1999.xml</link>
    <summary>Browse movies released in the 1990s</summary>
    <thumbnail>https://raw.githubusercontent.com/OpenELEQ/repository.elysium/master/images/Default/1990-1999.png</thumbnail>
  </dir>

  <dir>
    <title>1980-1989</title>
    <link>file://shared lists/movies-1980-1989.xml</link>
    <summary>Browse movies released in the 1980s</summary>
    <thumbnail>https://raw.githubusercontent.com/OpenELEQ/repository.elysium/master/images/Default/1980-1989.png</thumbnail>
  </dir>

  <dir>
    <title>1970-1979</title>
    <link>file://shared lists/movies-1970-1979.xml</link>
    <summary>Browse movies released in the 1970s</summary>
    <thumbnail>https://raw.githubusercontent.com/OpenELEQ/repository.elysium/master/images/Default/1970-1979.png</thumbnail>
  </dir>

  <dir>
    <title>1960-1969</title>
    <link>file://shared lists/movies-1960-1969.xml</link>
    <summary>Browse movies released in the 1960s</summary>
    <thumbnail>https://raw.githubusercontent.com/OpenELEQ/repository.elysium/master/images/Default/1960-1969.png</thumbnail>
  </dir>

  <dir>
    <title>1950-1959</title>
    <link>file://shared lists/movies-1950-1959.xml</link>
    <summary>Browse movies released in the 1950s</summary>
    <thumbnail>https://raw.githubusercontent.com/OpenELEQ/repository.elysium/master/images/Default/1950-1959.png</thumbnail>
  </dir>

  <dir>
    <title>1940-1949</title>
    <link>file://shared lists/movies-1940-1949.xml</link>
    <summary>Browse movies released in the 1940s</summary>
    <thumbnail>https://raw.githubusercontent.com/OpenELEQ/repository.elysium/master/images/Default/1940-1949.png</thumbnail>
  </dir>

  <dir>
    <title>1930-1939</title>
    <link>file://shared lists/movies-1930-1939.xml</link>
    <summary>Browse movies released in the 1930s</summary>
    <thumbnail>https://raw.githubusercontent.com/OpenELEQ/repository.elysium/master/images/Default/1930-1939.png</thumbnail>
  </dir>

  <dir>
    <title>1920-1929</title>
    <link>file://shared lists/movies-1920-1929.xml</link>
    <summary>Browse movies released in the 1920s</summary>
    <thumbnail>https://raw.githubusercontent.com/OpenELEQ/repository.elysium/master/images/Default/1920-1929.png</thumbnail>
  </dir>

  <dir>
    <title>1910-1919</title>
    <link>file://shared lists/movies-1910-1919.xml</link>
    <summary>Browse movies released in the 1910s</summary>
    <thumbnail>https://raw.githubusercontent.com/OpenELEQ/repository.elysium/master/images/Default/1910-1919.png</thumbnail>
  </dir>

  <dir>
    <title>1900-1909</title>
    <link>file://shared lists/movies-1900-1909.xml</link>
    <summary>Browse movies released in the 1900s</summary>
    <thumbnail>https://raw.githubusercontent.com/OpenELEQ/repository.elysium/master/images/Default/1900-1909.png</thumbnail>
  </dir>

  <dir>
    <title>1890-1899</title>
    <link>file://shared lists/movies-1890-1899.xml</link>
    <summary>Browse movies released in the 1890s</summary>
    <thumbnail>https://raw.githubusercontent.com/OpenELEQ/repository.elysium/master/images/Default/1890-1899.png</thumbnail>
  </dir>

  <dir>
    <title>1880-1889</title>
    <link>file://shared lists/movies-1880-1889.xml</link>
    <summary>Browse movies released in the 1880s</summary>
    <thumbnail>https://raw.githubusercontent.com/OpenELEQ/repository.elysium/master/images/Default/1880-1889.png</thumbnail>
  </dir>

  <dir>
    <title>1874-1879</title>
    <link>file://shared lists/movies-1874-1879.xml</link>
    <summary>Browse movies released in the 1870s</summary>
    <thumbnail>https://raw.githubusercontent.com/OpenELEQ/repository.elysium/master/images/Default/1874-1879.png</thumbnail>
  </dir>

  <dir>
    <title>2018</title>
    <tmdb>year/movies/2018</tmdb>
    <thumbnail>https://raw.githubusercontent.com/OpenELEQ/repository.elysium/master/images/Default/2018.png</thumbnail>
  </dir>

  <dir>
    <title>2017</title>
    <tmdb>year/movies/2017</tmdb>
    <thumbnail>https://raw.githubusercontent.com/OpenELEQ/repository.elysium/master/images/Default/2017.png</thumbnail>
  </dir>

  <dir>
    <title>2016</title>
    <tmdb>year/movies/2016</tmdb>
    <thumbnail>https://raw.githubusercontent.com/OpenELEQ/repository.elysium/master/images/Default/2016.png</thumbnail>
  </dir>

  <dir>
    <title>2015</title>
    <tmdb>year/movies/2015</tmdb>
    <thumbnail>https://raw.githubusercontent.com/OpenELEQ/repository.elysium/master/images/Default/2015.png</thumbnail>
  </dir>

  <dir>
    <title>2014</title>
    <tmdb>year/movies/2014</tmdb>
    <thumbnail>https://raw.githubusercontent.com/OpenELEQ/repository.elysium/master/images/Default/2014.png</thumbnail>
  </dir>

  <dir>
    <title>2013</title>
    <tmdb>year/movies/2013</tmdb>
    <thumbnail>https://raw.githubusercontent.com/OpenELEQ/repository.elysium/master/images/Default/2013.png</thumbnail>
  </dir>

  <dir>
    <title>2012</title>
    <tmdb>year/movies/2012</tmdb>
    <thumbnail>https://raw.githubusercontent.com/OpenELEQ/repository.elysium/master/images/Default/2012.png</thumbnail>
  </dir>

  <dir>
    <title>2011</title>
    <tmdb>year/movies/2011</tmdb>
    <thumbnail>https://raw.githubusercontent.com/OpenELEQ/repository.elysium/master/images/Default/2011.png</thumbnail>
  </dir>

  <dir>
    <title>2010</title>
    <tmdb>year/movies/2010</tmdb>
    <thumbnail>https://raw.githubusercontent.com/OpenELEQ/repository.elysium/master/images/Default/2010.png</thumbnail>
  </dir>

  <dir>
    <title>2009</title>
    <tmdb>year/movies/2009</tmdb>
    <thumbnail>https://raw.githubusercontent.com/OpenELEQ/repository.elysium/master/images/Default/2009.png</thumbnail>
  </dir>

  <dir>
    <title>2008</title>
    <tmdb>year/movies/2008</tmdb>
    <thumbnail>https://raw.githubusercontent.com/OpenELEQ/repository.elysium/master/images/Default/2008.png</thumbnail>
  </dir>

  <dir>
    <title>2007</title>
    <tmdb>year/movies/2007</tmdb>
    <thumbnail>https://raw.githubusercontent.com/OpenELEQ/repository.elysium/master/images/Default/2007.png</thumbnail>
  </dir>

  <dir>
    <title>2006</title>
    <tmdb>year/movies/2006</tmdb>
    <thumbnail>https://raw.githubusercontent.com/OpenELEQ/repository.elysium/master/images/Default/2006.png</thumbnail>
  </dir>

  <dir>
    <title>2005</title>
    <tmdb>year/movies/2005</tmdb>
    <thumbnail>https://raw.githubusercontent.com/OpenELEQ/repository.elysium/master/images/Default/2005.png</thumbnail>
  </dir>

  <dir>
    <title>2004</title>
    <tmdb>year/movies/2004</tmdb>
    <thumbnail>https://raw.githubusercontent.com/OpenELEQ/repository.elysium/master/images/Default/2004.png</thumbnail>
  </dir>

  <dir>
    <title>2003</title>
    <tmdb>year/movies/2003</tmdb>
    <thumbnail>https://raw.githubusercontent.com/OpenELEQ/repository.elysium/master/images/Default/2003.png</thumbnail>
  </dir>

  <dir>
    <title>2002</title>
    <tmdb>year/movies/2002</tmdb>
    <thumbnail>https://raw.githubusercontent.com/OpenELEQ/repository.elysium/master/images/Default/2002.png</thumbnail>
  </dir>

  <dir>
    <title>2001</title>
    <tmdb>year/movies/2001</tmdb>
    <thumbnail>https://raw.githubusercontent.com/OpenELEQ/repository.elysium/master/images/Default/2001.png</thumbnail>
  </dir>

  <dir>
    <title>2000</title>
    <tmdb>year/movies/2000</tmdb>
    <thumbnail>https://raw.githubusercontent.com/OpenELEQ/repository.elysium/master/images/Default/2000.png</thumbnail>
  </dir>

  <dir>
    <title>1999</title>
    <tmdb>year/movies/1999</tmdb>
    <thumbnail>https://raw.githubusercontent.com/OpenELEQ/repository.elysium/master/images/Default/1999.png</thumbnail>
  </dir>

  <dir>
    <title>1998</title>
    <tmdb>year/movies/1998</tmdb>
    <thumbnail>https://raw.githubusercontent.com/OpenELEQ/repository.elysium/master/images/Default/1998.png</thumbnail>
  </dir>

  <dir>
    <title>1997</title>
    <tmdb>year/movies/1997</tmdb>
    <thumbnail>https://raw.githubusercontent.com/OpenELEQ/repository.elysium/master/images/Default/1997.png</thumbnail>
  </dir>

  <dir>
    <title>1996</title>
    <tmdb>year/movies/1996</tmdb>
    <thumbnail>https://raw.githubusercontent.com/OpenELEQ/repository.elysium/master/images/Default/1996.png</thumbnail>
  </dir>

  <dir>
    <title>1995</title>
    <tmdb>year/movies/1995</tmdb>
    <thumbnail>https://raw.githubusercontent.com/OpenELEQ/repository.elysium/master/images/Default/1995.png</thumbnail>
  </dir>

  <dir>
    <title>1994</title>
    <tmdb>year/movies/1994</tmdb>
    <thumbnail>https://raw.githubusercontent.com/OpenELEQ/repository.elysium/master/images/Default/1994.png</thumbnail>
  </dir>

  <dir>
    <title>1993</title>
    <tmdb>year/movies/1993</tmdb>
    <thumbnail>https://raw.githubusercontent.com/OpenELEQ/repository.elysium/master/images/Default/1993.png</thumbnail>
  </dir>

  <dir>
    <title>1992</title>
    <tmdb>year/movies/1992</tmdb>
    <thumbnail>https://raw.githubusercontent.com/OpenELEQ/repository.elysium/master/images/Default/1992.png</thumbnail>
  </dir>

  <dir>
    <title>1991</title>
    <tmdb>year/movies/1991</tmdb>
    <thumbnail>https://raw.githubusercontent.com/OpenELEQ/repository.elysium/master/images/Default/1991.png</thumbnail>
  </dir>

  <dir>
    <title>1990</title>
    <tmdb>year/movies/1990</tmdb>
    <thumbnail>https://raw.githubusercontent.com/OpenELEQ/repository.elysium/master/images/Default/1990.png</thumbnail>
  </dir>

  <dir>
    <title>1989</title>
    <tmdb>year/movies/1989</tmdb>
    <thumbnail>https://raw.githubusercontent.com/OpenELEQ/repository.elysium/master/images/Default/1989.png</thumbnail>
  </dir>

  <dir>
    <title>1988</title>
    <tmdb>year/movies/1988</tmdb>
    <thumbnail>https://raw.githubusercontent.com/OpenELEQ/repository.elysium/master/images/Default/1988.png</thumbnail>
  </dir>

  <dir>
    <title>1987</title>
    <tmdb>year/movies/1987</tmdb>
    <thumbnail>https://raw.githubusercontent.com/OpenELEQ/repository.elysium/master/images/Default/1987.png</thumbnail>
  </dir>

  <dir>
    <title>1986</title>
    <tmdb>year/movies/1986</tmdb>
    <thumbnail>https://raw.githubusercontent.com/OpenELEQ/repository.elysium/master/images/Default/1986.png</thumbnail>
  </dir>

  <dir>
    <title>1985</title>
    <tmdb>year/movies/1985</tmdb>
    <thumbnail>https://raw.githubusercontent.com/OpenELEQ/repository.elysium/master/images/Default/1985.png</thumbnail>
  </dir>

  <dir>
    <title>1984</title>
    <tmdb>year/movies/1984</tmdb>
    <thumbnail>https://raw.githubusercontent.com/OpenELEQ/repository.elysium/master/images/Default/1984.png</thumbnail>
  </dir>

  <dir>
    <title>1983</title>
    <tmdb>year/movies/1983</tmdb>
    <thumbnail>https://raw.githubusercontent.com/OpenELEQ/repository.elysium/master/images/Default/1983.png</thumbnail>
  </dir>

  <dir>
    <title>1982</title>
    <tmdb>year/movies/1982</tmdb>
    <thumbnail>https://raw.githubusercontent.com/OpenELEQ/repository.elysium/master/images/Default/1982.png</thumbnail>
  </dir>

  <dir>
    <title>1981</title>
    <tmdb>year/movies/1981</tmdb>
    <thumbnail>https://raw.githubusercontent.com/OpenELEQ/repository.elysium/master/images/Default/1981.png</thumbnail>
  </dir>

  <dir>
    <title>1980</title>
    <tmdb>year/movies/1980</tmdb>
    <thumbnail>https://raw.githubusercontent.com/OpenELEQ/repository.elysium/master/images/Default/1980.png</thumbnail>
  </dir>

  <dir>
    <title>1979</title>
    <tmdb>year/movies/1979</tmdb>
    <thumbnail>https://raw.githubusercontent.com/OpenELEQ/repository.elysium/master/images/Default/1979.png</thumbnail>
  </dir>

  <dir>
    <title>1978</title>
    <tmdb>year/movies/1978</tmdb>
    <thumbnail>https://raw.githubusercontent.com/OpenELEQ/repository.elysium/master/images/Default/1978.png</thumbnail>
  </dir>

  <dir>
    <title>1977</title>
    <tmdb>year/movies/1977</tmdb>
    <thumbnail>https://raw.githubusercontent.com/OpenELEQ/repository.elysium/master/images/Default/1977.png</thumbnail>
  </dir>

  <dir>
    <title>1976</title>
    <tmdb>year/movies/1976</tmdb>
    <thumbnail>https://raw.githubusercontent.com/OpenELEQ/repository.elysium/master/images/Default/1976.png</thumbnail>
  </dir>

  <dir>
    <title>1975</title>
    <tmdb>year/movies/1975</tmdb>
    <thumbnail>https://raw.githubusercontent.com/OpenELEQ/repository.elysium/master/images/Default/1975.png</thumbnail>
  </dir>

  <dir>
    <title>1974</title>
    <tmdb>year/movies/1974</tmdb>
    <thumbnail>https://raw.githubusercontent.com/OpenELEQ/repository.elysium/master/images/Default/1974.png</thumbnail>
  </dir>

  <dir>
    <title>1973</title>
    <tmdb>year/movies/1973</tmdb>
    <thumbnail>https://raw.githubusercontent.com/OpenELEQ/repository.elysium/master/images/Default/1973.png</thumbnail>
  </dir>

  <dir>
    <title>1972</title>
    <tmdb>year/movies/1972</tmdb>
    <thumbnail>https://raw.githubusercontent.com/OpenELEQ/repository.elysium/master/images/Default/1972.png</thumbnail>
  </dir>

  <dir>
    <title>1971</title>
    <tmdb>year/movies/1971</tmdb>
    <thumbnail>https://raw.githubusercontent.com/OpenELEQ/repository.elysium/master/images/Default/1971.png</thumbnail>
  </dir>

  <dir>
    <title>1970</title>
    <tmdb>year/movies/1970</tmdb>
    <thumbnail>https://raw.githubusercontent.com/OpenELEQ/repository.elysium/master/images/Default/1970.png</thumbnail>
  </dir>

  <dir>
    <title>1969</title>
    <tmdb>year/movies/1969</tmdb>
    <thumbnail>https://raw.githubusercontent.com/OpenELEQ/repository.elysium/master/images/Default/1969.png</thumbnail>
  </dir>

  <dir>
    <title>1968</title>
    <tmdb>year/movies/1968</tmdb>
    <thumbnail>https://raw.githubusercontent.com/OpenELEQ/repository.elysium/master/images/Default/1968.png</thumbnail>
  </dir>

  <dir>
    <title>1967</title>
    <tmdb>year/movies/1967</tmdb>
    <thumbnail>https://raw.githubusercontent.com/OpenELEQ/repository.elysium/master/images/Default/1967.png</thumbnail>
  </dir>

  <dir>
    <title>1966</title>
    <tmdb>year/movies/1966</tmdb>
    <thumbnail>https://raw.githubusercontent.com/OpenELEQ/repository.elysium/master/images/Default/1966.png</thumbnail>
  </dir>

  <dir>
    <title>1965</title>
    <tmdb>year/movies/1965</tmdb>
    <thumbnail>https://raw.githubusercontent.com/OpenELEQ/repository.elysium/master/images/Default/1965.png</thumbnail>
  </dir>

  <dir>
    <title>1964</title>
    <tmdb>year/movies/1964</tmdb>
    <thumbnail>https://raw.githubusercontent.com/OpenELEQ/repository.elysium/master/images/Default/1964.png</thumbnail>
  </dir>

  <dir>
    <title>1963</title>
    <tmdb>year/movies/1963</tmdb>
    <thumbnail>https://raw.githubusercontent.com/OpenELEQ/repository.elysium/master/images/Default/1963.png</thumbnail>
  </dir>

  <dir>
    <title>1962</title>
    <tmdb>year/movies/1962</tmdb>
    <thumbnail>https://raw.githubusercontent.com/OpenELEQ/repository.elysium/master/images/Default/1962.png</thumbnail>
  </dir>

  <dir>
    <title>1961</title>
    <tmdb>year/movies/1961</tmdb>
    <thumbnail>https://raw.githubusercontent.com/OpenELEQ/repository.elysium/master/images/Default/1961.png</thumbnail>
  </dir>

  <dir>
    <title>1960</title>
    <tmdb>year/movies/1960</tmdb>
    <thumbnail>https://raw.githubusercontent.com/OpenELEQ/repository.elysium/master/images/Default/1960.png</thumbnail>
  </dir>

  <dir>
    <title>1959</title>
    <tmdb>year/movies/1959</tmdb>
    <thumbnail>https://raw.githubusercontent.com/OpenELEQ/repository.elysium/master/images/Default/1959.png</thumbnail>
  </dir>

  <dir>
    <title>1958</title>
    <tmdb>year/movies/1958</tmdb>
    <thumbnail>https://raw.githubusercontent.com/OpenELEQ/repository.elysium/master/images/Default/1958.png</thumbnail>
  </dir>

  <dir>
    <title>1957</title>
    <tmdb>year/movies/1957</tmdb>
    <thumbnail>https://raw.githubusercontent.com/OpenELEQ/repository.elysium/master/images/Default/1957.png</thumbnail>
  </dir>

  <dir>
    <title>1956</title>
    <tmdb>year/movies/1956</tmdb>
    <thumbnail>https://raw.githubusercontent.com/OpenELEQ/repository.elysium/master/images/Default/1956.png</thumbnail>
  </dir>

  <dir>
    <title>1955</title>
    <tmdb>year/movies/1955</tmdb>
    <thumbnail>https://raw.githubusercontent.com/OpenELEQ/repository.elysium/master/images/Default/1955.png</thumbnail>
  </dir>

  <dir>
    <title>1954</title>
    <tmdb>year/movies/1954</tmdb>
    <thumbnail>https://raw.githubusercontent.com/OpenELEQ/repository.elysium/master/images/Default/1954.png</thumbnail>
  </dir>

  <dir>
    <title>1953</title>
    <tmdb>year/movies/1953</tmdb>
    <thumbnail>https://raw.githubusercontent.com/OpenELEQ/repository.elysium/master/images/Default/1953.png</thumbnail>
  </dir>

  <dir>
    <title>1952</title>
    <tmdb>year/movies/1952</tmdb>
    <thumbnail>https://raw.githubusercontent.com/OpenELEQ/repository.elysium/master/images/Default/1952.png</thumbnail>
  </dir>

  <dir>
    <title>1951</title>
    <tmdb>year/movies/1951</tmdb>
    <thumbnail>https://raw.githubusercontent.com/OpenELEQ/repository.elysium/master/images/Default/1951.png</thumbnail>
  </dir>

  <dir>
    <title>1950</title>
    <tmdb>year/movies/1950</tmdb>
    <thumbnail>https://raw.githubusercontent.com/OpenELEQ/repository.elysium/master/images/Default/1950.png</thumbnail>
  </dir>

  <dir>
    <title>1949</title>
    <tmdb>year/movies/1949</tmdb>
    <thumbnail>https://raw.githubusercontent.com/OpenELEQ/repository.elysium/master/images/Default/1949.png</thumbnail>
  </dir>

  <dir>
    <title>1948</title>
    <tmdb>year/movies/1948</tmdb>
    <thumbnail>https://raw.githubusercontent.com/OpenELEQ/repository.elysium/master/images/Default/1948.png</thumbnail>
  </dir>

  <dir>
    <title>1947</title>
    <tmdb>year/movies/1947</tmdb>
    <thumbnail>https://raw.githubusercontent.com/OpenELEQ/repository.elysium/master/images/Default/1947.png</thumbnail>
  </dir>

  <dir>
    <title>1946</title>
    <tmdb>year/movies/1946</tmdb>
    <thumbnail>https://raw.githubusercontent.com/OpenELEQ/repository.elysium/master/images/Default/1946.png</thumbnail>
  </dir>

  <dir>
    <title>1945</title>
    <tmdb>year/movies/1945</tmdb>
    <thumbnail>https://raw.githubusercontent.com/OpenELEQ/repository.elysium/master/images/Default/1945.png</thumbnail>
  </dir>

  <dir>
    <title>1944</title>
    <tmdb>year/movies/1944</tmdb>
    <thumbnail>https://raw.githubusercontent.com/OpenELEQ/repository.elysium/master/images/Default/1944.png</thumbnail>
  </dir>

  <dir>
    <title>1943</title>
    <tmdb>year/movies/1943</tmdb>
    <thumbnail>https://raw.githubusercontent.com/OpenELEQ/repository.elysium/master/images/Default/1943.png</thumbnail>
  </dir>

  <dir>
    <title>1942</title>
    <tmdb>year/movies/1942</tmdb>
    <thumbnail>https://raw.githubusercontent.com/OpenELEQ/repository.elysium/master/images/Default/1942.png</thumbnail>
  </dir>

  <dir>
    <title>1941</title>
    <tmdb>year/movies/1941</tmdb>
    <thumbnail>https://raw.githubusercontent.com/OpenELEQ/repository.elysium/master/images/Default/1941.png</thumbnail>
  </dir>

  <dir>
    <title>1940</title>
    <tmdb>year/movies/1940</tmdb>
    <thumbnail>https://raw.githubusercontent.com/OpenELEQ/repository.elysium/master/images/Default/1940.png</thumbnail>
  </dir>

  <dir>
    <title>1939</title>
    <tmdb>year/movies/1939</tmdb>
    <thumbnail>https://raw.githubusercontent.com/OpenELEQ/repository.elysium/master/images/Default/1939.png</thumbnail>
  </dir>

  <dir>
    <title>1938</title>
    <tmdb>year/movies/1938</tmdb>
    <thumbnail>https://raw.githubusercontent.com/OpenELEQ/repository.elysium/master/images/Default/1938.png</thumbnail>
  </dir>

  <dir>
    <title>1937</title>
    <tmdb>year/movies/1937</tmdb>
    <thumbnail>https://raw.githubusercontent.com/OpenELEQ/repository.elysium/master/images/Default/1937.png</thumbnail>
  </dir>

  <dir>
    <title>1936</title>
    <tmdb>year/movies/1936</tmdb>
    <thumbnail>https://raw.githubusercontent.com/OpenELEQ/repository.elysium/master/images/Default/1936.png</thumbnail>
  </dir>

  <dir>
    <title>1935</title>
    <tmdb>year/movies/1935</tmdb>
    <thumbnail>https://raw.githubusercontent.com/OpenELEQ/repository.elysium/master/images/Default/1935.png</thumbnail>
  </dir>

  <dir>
    <title>1934</title>
    <tmdb>year/movies/1934</tmdb>
    <thumbnail>https://raw.githubusercontent.com/OpenELEQ/repository.elysium/master/images/Default/1934.png</thumbnail>
  </dir>

  <dir>
    <title>1933</title>
    <tmdb>year/movies/1933</tmdb>
    <thumbnail>https://raw.githubusercontent.com/OpenELEQ/repository.elysium/master/images/Default/1933.png</thumbnail>
  </dir>

  <dir>
    <title>1932</title>
    <tmdb>year/movies/1932</tmdb>
    <thumbnail>https://raw.githubusercontent.com/OpenELEQ/repository.elysium/master/images/Default/1932.png</thumbnail>
  </dir>

  <dir>
    <title>1931</title>
    <tmdb>year/movies/1931</tmdb>
    <thumbnail>https://raw.githubusercontent.com/OpenELEQ/repository.elysium/master/images/Default/1931.png</thumbnail>
  </dir>

  <dir>
    <title>1930</title>
    <tmdb>year/movies/1930</tmdb>
    <thumbnail>https://raw.githubusercontent.com/OpenELEQ/repository.elysium/master/images/Default/1930.png</thumbnail>
  </dir>

  <dir>
    <title>1929</title>
    <tmdb>year/movies/1929</tmdb>
    <thumbnail>https://raw.githubusercontent.com/OpenELEQ/repository.elysium/master/images/Default/1929.png</thumbnail>
  </dir>

  <dir>
    <title>1928</title>
    <tmdb>year/movies/1928</tmdb>
    <thumbnail>https://raw.githubusercontent.com/OpenELEQ/repository.elysium/master/images/Default/1928.png</thumbnail>
  </dir>

  <dir>
    <title>1927</title>
    <tmdb>year/movies/1927</tmdb>
    <thumbnail>https://raw.githubusercontent.com/OpenELEQ/repository.elysium/master/images/Default/1927.png</thumbnail>
  </dir>

  <dir>
    <title>1926</title>
    <tmdb>year/movies/1926</tmdb>
    <thumbnail>https://raw.githubusercontent.com/OpenELEQ/repository.elysium/master/images/Default/1926.png</thumbnail>
  </dir>

  <dir>
    <title>1925</title>
    <tmdb>year/movies/1925</tmdb>
    <thumbnail>https://raw.githubusercontent.com/OpenELEQ/repository.elysium/master/images/Default/1925.png</thumbnail>
  </dir>

  <dir>
    <title>1924</title>
    <tmdb>year/movies/1924</tmdb>
    <thumbnail>https://raw.githubusercontent.com/OpenELEQ/repository.elysium/master/images/Default/1924.png</thumbnail>
  </dir>

  <dir>
    <title>1923</title>
    <tmdb>year/movies/1923</tmdb>
    <thumbnail>https://raw.githubusercontent.com/OpenELEQ/repository.elysium/master/images/Default/1923.png</thumbnail>
  </dir>

  <dir>
    <title>1922</title>
    <tmdb>year/movies/1922</tmdb>
    <thumbnail>https://raw.githubusercontent.com/OpenELEQ/repository.elysium/master/images/Default/1922.png</thumbnail>
  </dir>

  <dir>
    <title>1921</title>
    <tmdb>year/movies/1921</tmdb>
    <thumbnail>https://raw.githubusercontent.com/OpenELEQ/repository.elysium/master/images/Default/1921.png</thumbnail>
  </dir>

  <dir>
    <title>1920</title>
    <tmdb>year/movies/1920</tmdb>
    <thumbnail>https://raw.githubusercontent.com/OpenELEQ/repository.elysium/master/images/Default/1920.png</thumbnail>
  </dir>

  <dir>
    <title>1919</title>
    <tmdb>year/movies/1919</tmdb>
    <thumbnail>https://raw.githubusercontent.com/OpenELEQ/repository.elysium/master/images/Default/1919.png</thumbnail>
  </dir>

  <dir>
    <title>1918</title>
    <tmdb>year/movies/1918</tmdb>
    <thumbnail>https://raw.githubusercontent.com/OpenELEQ/repository.elysium/master/images/Default/1918.png</thumbnail>
  </dir>

  <dir>
    <title>1917</title>
    <tmdb>year/movies/1917</tmdb>
    <thumbnail>https://raw.githubusercontent.com/OpenELEQ/repository.elysium/master/images/Default/1917.png</thumbnail>
  </dir>

  <dir>
    <title>1916</title>
    <tmdb>year/movies/1916</tmdb>
    <thumbnail>https://raw.githubusercontent.com/OpenELEQ/repository.elysium/master/images/Default/1916.png</thumbnail>
  </dir>

  <dir>
    <title>1915</title>
    <tmdb>year/movies/1915</tmdb>
    <thumbnail>https://raw.githubusercontent.com/OpenELEQ/repository.elysium/master/images/Default/1915.png</thumbnail>
  </dir>

  <dir>
    <title>1914</title>
    <tmdb>year/movies/1914</tmdb>
    <thumbnail>https://raw.githubusercontent.com/OpenELEQ/repository.elysium/master/images/Default/1914.png</thumbnail>
  </dir>

  <dir>
    <title>1913</title>
    <tmdb>year/movies/1913</tmdb>
    <thumbnail>https://raw.githubusercontent.com/OpenELEQ/repository.elysium/master/images/Default/1913.png</thumbnail>
  </dir>

  <dir>
    <title>1912</title>
    <tmdb>year/movies/1912</tmdb>
    <thumbnail>https://raw.githubusercontent.com/OpenELEQ/repository.elysium/master/images/Default/1912.png</thumbnail>
  </dir>

  <dir>
    <title>1911</title>
    <tmdb>year/movies/1911</tmdb>
    <thumbnail>https://raw.githubusercontent.com/OpenELEQ/repository.elysium/master/images/Default/1911.png</thumbnail>
  </dir>

  <dir>
    <title>1910</title>
    <tmdb>year/movies/1910</tmdb>
    <thumbnail>https://raw.githubusercontent.com/OpenELEQ/repository.elysium/master/images/Default/1910.png</thumbnail>
  </dir>

  <dir>
    <title>1909</title>
    <tmdb>year/movies/1909</tmdb>
    <thumbnail>https://raw.githubusercontent.com/OpenELEQ/repository.elysium/master/images/Default/1909.png</thumbnail>
  </dir>

  <dir>
    <title>1908</title>
    <tmdb>year/movies/1908</tmdb>
    <thumbnail>https://raw.githubusercontent.com/OpenELEQ/repository.elysium/master/images/Default/1908.png</thumbnail>
  </dir>

  <dir>
    <title>1907</title>
    <tmdb>year/movies/1907</tmdb>
    <thumbnail>https://raw.githubusercontent.com/OpenELEQ/repository.elysium/master/images/Default/1907.png</thumbnail>
  </dir>

  <dir>
    <title>1906</title>
    <tmdb>year/movies/1906</tmdb>
    <thumbnail>https://raw.githubusercontent.com/OpenELEQ/repository.elysium/master/images/Default/1906.png</thumbnail>
  </dir>

  <dir>
    <title>1905</title>
    <tmdb>year/movies/1905</tmdb>
    <thumbnail>https://raw.githubusercontent.com/OpenELEQ/repository.elysium/master/images/Default/1905.png</thumbnail>
  </dir>

  <dir>
    <title>1904</title>
    <tmdb>year/movies/1904</tmdb>
    <thumbnail>https://raw.githubusercontent.com/OpenELEQ/repository.elysium/master/images/Default/1904.png</thumbnail>
  </dir>

  <dir>
    <title>1903</title>
    <tmdb>year/movies/1903</tmdb>
    <thumbnail>https://raw.githubusercontent.com/OpenELEQ/repository.elysium/master/images/Default/1903.png</thumbnail>
  </dir>

  <dir>
    <title>1902</title>
    <tmdb>year/movies/1902</tmdb>
    <thumbnail>https://raw.githubusercontent.com/OpenELEQ/repository.elysium/master/images/Default/1902.png</thumbnail>
  </dir>

  <dir>
    <title>1901</title>
    <tmdb>year/movies/1901</tmdb>
    <thumbnail>https://raw.githubusercontent.com/OpenELEQ/repository.elysium/master/images/Default/1901.png</thumbnail>
  </dir>

  <dir>
    <title>1900</title>
    <tmdb>year/movies/1900</tmdb>
    <thumbnail>https://raw.githubusercontent.com/OpenELEQ/repository.elysium/master/images/Default/1900.png</thumbnail>
  </dir>

  <dir>
    <title>1899</title>
    <tmdb>year/movies/1899</tmdb>
    <thumbnail>https://raw.githubusercontent.com/OpenELEQ/repository.elysium/master/images/Default/1899.png</thumbnail>
  </dir>

  <dir>
    <title>1898</title>
    <tmdb>year/movies/1898</tmdb>
    <thumbnail>https://raw.githubusercontent.com/OpenELEQ/repository.elysium/master/images/Default/1898.png</thumbnail>
  </dir>

  <dir>
    <title>1897</title>
    <tmdb>year/movies/1897</tmdb>
    <thumbnail>https://raw.githubusercontent.com/OpenELEQ/repository.elysium/master/images/Default/1897.png</thumbnail>
  </dir>

  <dir>
    <title>1896</title>
    <tmdb>year/movies/1896</tmdb>
    <thumbnail>https://raw.githubusercontent.com/OpenELEQ/repository.elysium/master/images/Default/1896.png</thumbnail>
  </dir>

  <dir>
    <title>1895</title>
    <tmdb>year/movies/1895</tmdb>
    <thumbnail>https://raw.githubusercontent.com/OpenELEQ/repository.elysium/master/images/Default/1895.png</thumbnail>
  </dir>

  <dir>
    <title>1894</title>
    <tmdb>year/movies/1894</tmdb>
    <thumbnail>https://raw.githubusercontent.com/OpenELEQ/repository.elysium/master/images/Default/1894.png</thumbnail>
  </dir>

  <dir>
    <title>1893</title>
    <tmdb>year/movies/1893</tmdb>
    <thumbnail>https://raw.githubusercontent.com/OpenELEQ/repository.elysium/master/images/Default/1893.png</thumbnail>
  </dir>

  <dir>
    <title>1892</title>
    <tmdb>year/movies/1892</tmdb>
    <thumbnail>https://raw.githubusercontent.com/OpenELEQ/repository.elysium/master/images/Default/1892.png</thumbnail>
  </dir>

  <dir>
    <title>1891</title>
    <tmdb>year/movies/1891</tmdb>
    <thumbnail>https://raw.githubusercontent.com/OpenELEQ/repository.elysium/master/images/Default/1891.png</thumbnail>
  </dir>

  <dir>
    <title>1890</title>
    <tmdb>year/movies/1890</tmdb>
    <thumbnail>https://raw.githubusercontent.com/OpenELEQ/repository.elysium/master/images/Default/1890.png</thumbnail>
  </dir>

  <dir>
    <title>1889</title>
    <tmdb>year/movies/1889</tmdb>
    <thumbnail>https://raw.githubusercontent.com/OpenELEQ/repository.elysium/master/images/Default/1889.png</thumbnail>
  </dir>

  <dir>
    <title>1888</title>
    <tmdb>year/movies/1888</tmdb>
    <thumbnail>https://raw.githubusercontent.com/OpenELEQ/repository.elysium/master/images/Default/1888.png</thumbnail>
  </dir>

  <dir>
    <title>1887</title>
    <tmdb>year/movies/1887</tmdb>
    <thumbnail>https://raw.githubusercontent.com/OpenELEQ/repository.elysium/master/images/Default/1887.png</thumbnail>
  </dir>

  <dir>
    <title>1884</title>
    <tmdb>year/movies/1884</tmdb>
    <thumbnail>https://raw.githubusercontent.com/OpenELEQ/repository.elysium/master/images/Default/1884.png</thumbnail>
  </dir>

  <dir>
    <title>1883</title>
    <tmdb>year/movies/1883</tmdb>
    <thumbnail>https://raw.githubusercontent.com/OpenELEQ/repository.elysium/master/images/Default/1883.png</thumbnail>
  </dir>

  <dir>
    <title>1878</title>
    <tmdb>year/movies/1878</tmdb>
    <thumbnail>https://raw.githubusercontent.com/OpenELEQ/repository.elysium/master/images/Default/1878.png</thumbnail>
  </dir>

  <dir>
    <title>1874</title>
    <tmdb>year/movies/1874</tmdb>
    <thumbnail>https://raw.githubusercontent.com/OpenELEQ/repository.elysium/master/images/Default/1874.png</thumbnail>
  </dir>