  <dir>
    <title>1949</title>
    <tmdb>year/movies/1949</tmdb>
    <summary>Browse movies released in 1949</summary>
    <thumbnail>https://raw.githubusercontent.com/OpenELEQ/repository.elysium/master/images/Default/1949.png</thumbnail>
  </dir>

  <dir>
    <title>1948</title>
    <tmdb>year/movies/1948</tmdb>
    <summary>Browse movies released in 1948</summary>
    <thumbnail>https://raw.githubusercontent.com/OpenELEQ/repository.elysium/master/images/Default/1948.png</thumbnail>
  </dir>

  <dir>
    <title>1947</title>
    <tmdb>year/movies/1947</tmdb>
    <summary>Browse movies released in 1947</summary>
    <thumbnail>https://raw.githubusercontent.com/OpenELEQ/repository.elysium/master/images/Default/1947.png</thumbnail>
  </dir>

  <dir>
    <title>1946</title>
    <tmdb>year/movies/1946</tmdb>
    <summary>Browse movies released in 1946</summary>
    <thumbnail>https://raw.githubusercontent.com/OpenELEQ/repository.elysium/master/images/Default/1946.png</thumbnail>
  </dir>

  <dir>
    <title>1945</title>
    <tmdb>year/movies/1945</tmdb>
    <summary>Browse movies released in 1945</summary>
    <thumbnail>https://raw.githubusercontent.com/OpenELEQ/repository.elysium/master/images/Default/1945.png</thumbnail>
  </dir>

  <dir>
    <title>1944</title>
    <tmdb>year/movies/1944</tmdb>
    <summary>Browse movies released in 1944</summary>
    <thumbnail>https://raw.githubusercontent.com/OpenELEQ/repository.elysium/master/images/Default/1944.png</thumbnail>
  </dir>

  <dir>
    <title>1943</title>
    <tmdb>year/movies/1943</tmdb>
    <summary>Browse movies released in 1943</summary>
    <thumbnail>https://raw.githubusercontent.com/OpenELEQ/repository.elysium/master/images/Default/1943.png</thumbnail>
  </dir>

  <dir>
    <title>1942</title>
    <tmdb>year/movies/1942</tmdb>
    <summary>Browse movies released in 1942</summary>
    <thumbnail>https://raw.githubusercontent.com/OpenELEQ/repository.elysium/master/images/Default/1942.png</thumbnail>
  </dir>

  <dir>
    <title>1941</title>
    <tmdb>year/movies/1941</tmdb>
    <summary>Browse movies released in 1941</summary>
    <thumbnail>https://raw.githubusercontent.com/OpenELEQ/repository.elysium/master/images/Default/1941.png</thumbnail>
  </dir>

  <dir>
    <title>1940</title>
    <tmdb>year/movies/1940</tmdb>
    <summary>Browse movies released in 1940</summary>
    <thumbnail>https://raw.githubusercontent.com/OpenELEQ/repository.elysium/master/images/Default/1940.png</thumbnail>
  </dir>