<arrakis>
    <moviesandshows>
        <dir>
            <title>24/7 Movies and TV Shows</title>
            <meta>
                <summary>Find streams for Movies, TV Shows, and Channels that are, as the title suggests, 24/7</summary>
            </meta>
            <link>file://arconai.xml</link>
            <thumbnail>https://raw.githubusercontent.com/muaddibttv/artwork/master/arrakis/247.png</thumbnail>
        </dir>

        <dir>
            <title>4K Movies and TV Shows</title>
            <meta>
                <summary>One Click Play Movies and TV Shows in 4K</summary>
            </meta>
            <link>file://4k.xml</link>
            <thumbnail>https://raw.githubusercontent.com/muaddibttv/artwork/master/arrakis/4k.png</thumbnail>
        </dir>

        <dir>
            <title>Movie Mania</title>
            <meta>
                <title>Movie Mania</title>
                <summary>Themed movie and tv show sections that make use of the Universal Scrapers</summary>
            </meta>
            <link>file://moviemania/main.xml</link>
            <thumbnail>https://raw.githubusercontent.com/muaddibttv/artwork/master/arrakis/movies.png</thumbnail>
        </dir>

        <dir>
            <title>Network Nation</title>
            <meta>
                <title>Network Nation</title>
                <summary>Find your tv shows based on the network channel they air on</summary>
            </meta>
            <link>file://networks.xml</link>
            <thumbnail>https://raw.githubusercontent.com/muaddibttv/artwork/master/arrakis/networks.png</thumbnail>
        </dir>

        <dir>
            <title>To Be A Hero</title>
            <meta>
                <title>To Be A Hero</title>
                <summary>Marvel and DC movies and tv shows supported by Universal Scrapers</summary>
            </meta>
            <link>file://dasupers.xml</link>
            <thumbnail>https://raw.githubusercontent.com/muaddibttv/artwork/master/arrakis/hero.png</thumbnail>
        </dir>

        <dir>
            <title>Settings</title>
            <meta>
                <title>Settings</title>
                <summary>Arrakis specific settings, scraper settings, pairing, and more</summary>
            </meta>
            <link>file://msettings.xml</link>
            <thumbnail>https://raw.githubusercontent.com/muaddibttv/artwork/master/arrakis/settings.png</thumbnail>
        </dir>
    </mainmenu>
</arrakis>