{
  "channels": [
    {
      "guid": "B11F7D22-941D-4228-A888-226542A442E7",
      "name": "Ons",
      "description": {
        "en": "ONS is the tv channel for nostalgic people. ONS offers a wide variety of series, Dutch en foreign movies, history, music and entertainment.",
        "nl": "ONS is dé tv-zender voor mensen die nostalgie een warm hart toedragen. ONS biedt een breed aanbod aan goede series, Nederlandse en buitenlandse speelfilms, geschiedenis, muziek en entertainment."
      },
      "icon": "onsicon.png",
      "category": "National",
      "sortorder": 211,
      "language": "nl",
      "fanart": "onsfanart.jpg",
      "adaptiveAddonSelectable": false
    }
  ]
}