<?xml version="1.0" encoding="UTF-8"?>
    <addon id="repository.multirepoafk2" name="Multi Repo AFK-Box 2" version="4.0.8" provider-name="Angel">
	<extension point="xbmc.addon.repository" name="Multi Repository">
    <dir>
			<info compressed="false">http://magnetic.website/__zips/addons.xml</info>
            <checksum>http://magnetic.website/__zips/addons.xml.md5</checksum>
            <datadir zip="true">http://magnetic.website/__zips/</datadir>
    </dir>
    <dir>
            <info compressed="false">http://raw.github.com/Angel312/backuprepo/master/addons.xml</info>
            <checksum>http://raw.github.com/Angel312/backuprepo/master/addons.xml.md5</checksum>
            <datadir zip="true">http://raw.github.com/Angel312/backuprepo/master/</datadir>
    </dir>
    <dir>
            <info compressed="false">http://raw.githubusercontent.com/totalrevolution/python-koding/master/zips/addons.xml</info>
            <checksum>http://raw.githubusercontent.com/totalrevolution/python-koding/master/zips/addons.xml.md5</checksum>
            <datadir zip="true">http://raw.githubusercontent.com/totalrevolution/python-koding/master/zips/</datadir>
    </dir>
    <dir>
            <info compressed="false">http://raw.githubusercontent.com/teamuniversal/scrapers/master/_modules4all/zips/addons.xml</info>
            <checksum>http://raw.githubusercontent.com/teamuniversal/scrapers/master/_modules4all/zips/addons.xml.md5</checksum>
            <datadir zip="true">http://raw.githubusercontent.com/teamuniversal/scrapers/master/_modules4all/zips/</datadir>
    </dir>
	</extension>
	<extension point="xbmc.addon.metadata">
		<summary>Official Zatrix Project multi repo</summary>
		<description lang="en">Download and install addons from difrom diffrent repos</description>
		<platform>all</platform>
	</extension>
</addon>