{
  "channels": [
    {
      "guid": "8D4EBAE8-F3C6-11DD-92EE-F2FE55D89593",
      "name": "Nickelodeon",
      "description": "Afleveringen van Nickelodeon",
      "icon": "nickelodeonlarge.png",
      "category": "Kids",
      "channelcode": "nickelodeon",
      "sortorder": 22,
      "language": "nl",
      "fanart": "nickfanart.jpg"
    },
    {
      "guid": "47AA717E-F919-11E1-977F-0DEC6188709B",
      "name": "Nickelodeon (Norge)",
      "description": "Sendninger fra Nickelodeon.no",
      "icon": "nickelodeonlarge.png",
      "category": "Kids",
      "channelcode": "nickno",
      "sortorder": 22,
      "language": "no",
      "fanart": "nickfanart.jpg"
    },
    {
      "guid": "8D1E5858-F926-11E1-BE1C-90F66188709B",
      "name": "Nickelodeon (Sverige)",
      "description": "Sändningar från Nickelodeon.se",
      "icon": "nickelodeonlarge.png",
      "category": "Kids",
      "channelcode": "nickse",
      "sortorder": 22,
      "language": "se",
      "fanart": "nickfanart.jpg"
    }
  ]
}