<favourites>
	<favourite name="Eredivisie" thumb="https://yt3.ggpht.com/a-/AN66SAyuMytroGnedqmHOgNVmfLDOppL_iKPSItqpw">ActivateWindow(10025,&quot;plugin://plugin.video.youtube/user/EredivisieLive/?&amp;sf_options=desc%3DHighlights+en+meer+uit+de+Eredivisie,+Keuken+Kampioen+Divisie,+KNVB+Beker,+Tweede+Divisie,+Bundesliga,+UEFA+Europa+League+en+buitenlandse+bekercompetities.+En+van+nog+veel+meer+topsport.%26_options_sf&quot;,return)</favourite>
	<favourite name="Formule 1" thumb="https://yt3.ggpht.com/a-/AN66SAwAuaPDAu1a5KIvYhAUrMNdoStadHssxR9xBw">ActivateWindow(10025,&quot;plugin://plugin.video.youtube/user/Formula1/?&amp;sf_options=desc%3DThe+Official+F1�+channel.%26_options_sf&quot;,return)</favourite>
	<favourite name="HBO Boxing" thumb="https://yt3.ggpht.com/a-/AN66SAxfrI-pl_PvHsAzwuhrh56T-q9LlWZCskgOIA">ActivateWindow(10025,&quot;plugin://plugin.video.youtube/user/HBOsports/?&amp;sf_options=desc%3DThe+latest+on+HBO's+boxing+matches,+specials+and+documentaries.%26_options_sf&quot;,return)</favourite>
	<favourite name="WWE" thumb="https://yt3.ggpht.com/a-/AN66SAx_23YzwxBkenlfs35ly3_BWP_5F8Trmmx0zA">ActivateWindow(10025,&quot;plugin://plugin.video.youtube/user/WWEFanNation/?&amp;sf_options=desc%3DYour+number+one+spot+to+catch+WWE+original+shows+and+exclusives!%26_options_sf&quot;,return)</favourite>
	<favourite name="Wielrennen" thumb="https://yt3.ggpht.com/a-/AN66SAwaqOBJaEB31Uuij8jG6ig6Fkbvef8E02X9aw">ActivateWindow(10025,&quot;plugin://plugin.video.youtube/user/globalcyclingnetwork/?&amp;sf_options=desc%3DBiggest+and+best+cycling+channel+to+get+closer+to+the+action+and+improve+your+riding!%26_options_sf&quot;,return)</favourite>
    <favourite name="Golf" thumb="https://yt3.ggpht.com/a-/AN66SAyGaIrRXOgGdKnjVJagxjGYeImOPT5Aq7dT-A">ActivateWindow(10025,&quot;plugin://plugin.video.youtube/user/pgatour/?&amp;sf_options=desc%3DHere+you+can+find+everything+you+need+to+stay+up+to+date+with+the+world�s+foremost+golf+tour.%26_options_sf&quot;,return)</favourite>
    <favourite name="Tennis ATP" thumb="https://yt3.ggpht.com/a-/AN66SAwPnFNqo9v7Q-FNQbQ0uFDBwEUYAjAdNzNkSQ">ActivateWindow(10025,&quot;plugin://plugin.video.youtube/user/ATP/?&amp;sf_options=desc%3DWatch+daily+highlights,+brilliant+moments,+hot+shots,+previews,+interviews,+features+and+more+here+on+our+channel.%26_options_sf&quot;,return)</favourite>
    <favourite name="NBA" thumb="https://yt3.ggpht.com/a-/AN66SAy4RLDBBX8txNFTLRRGLHCvNknEoqMjInxn">ActivateWindow(10025,&quot;plugin://plugin.video.youtube/user/NBA/?&amp;sf_options=desc%3DHome+of+the+most+compelling+basketball+action+from+the+NBA.%26_options_sf&quot;,return)</favourite>
	<favourite name="NFL" thumb="https://yt3.ggpht.com/a-/AN66SAwnbo8iBPftYPatwm-F4udpAIdxnheCZ2ss2A">ActivateWindow(10025,&quot;plugin://plugin.video.youtube/user/NFL/?&amp;sf_options=desc%3DSee+immediate+in-game+highlights+from+your+favorite+teams+and+players.%26_options_sf&quot;,return)</favourite>
	<favourite name="NHL" thumb="https://yt3.ggpht.com/a-/AN66SAwTQegB1nhuCR7yZWKrUHdQvV4y3E4ZWQ20jA">ActivateWindow(10025,&quot;plugin://plugin.video.youtube/user/NHLVideo/?&amp;sf_options=desc%3DYeah+that's+right,+we're+telling+you+what+to+do.+This+stuff+is+the+best+of+the+best+for+the+National+Hockey+League.%26_options_sf&quot;,return)</favourite>
    <favourite name="Meer" thumb="special://home/addons/plugin.video.menu/logos/navigatie/more.png">ActivateWindow(10025,&quot;plugin://plugin.video.AllSportzRecaps/?&amp;sf_options=desc%3DMeer+kanalen+met+highlights+etc+en+live+events.%26_options_sf&quot;,return)</favourite>
</favourites>