<xml>
  <dir>
    <title>Popular</title>
    <tmdb>movies/popular</tmdb>
    <summary>Popular Movies</summary>
    <thumbnail>https://raw.githubusercontent.com/OpenELEQ/repository.elysium/master/images/Default/most-popular.png</thumbnail>
  </dir>

  <dir>
    <title>Now Playing</title>
    <tmdb>movies/now_playing</tmdb>
    <summary>Movies Currently In Theaters</summary>
    <thumbnail>https://raw.githubusercontent.com/OpenELEQ/repository.elysium/master/images/Default/in-theaters.png</thumbnail>
  </dir>

  <dir>
    <title>Top Rated</title>
    <tmdb>movies/top_rated</tmdb>
    <summary>Top Rated TMDB Movies</summary>
    <thumbnail>https://raw.githubusercontent.com/OpenELEQ/repository.elysium/master/images/Default/populars.png</thumbnail>
  </dir>

  <dir>
    <title>Genres</title>
    <link>file://shared lists/genre_movies.xml</link>
    <summary>Search Movies by Genre</summary>
    <thumbnail>https://raw.githubusercontent.com/OpenELEQ/repository.elysium/master/images/Default/genres.png</thumbnail>
  </dir>

  <dir>
    <title>Years</title>
    <link>file://shared lists/movies-years.xml</link>
    <summary>Browse movies by year</summary>
    <thumbnail>https://raw.githubusercontent.com/OpenELEQ/repository.elysium/master/images/Default/years.png</thumbnail>
  </dir>

  <dir>
    <title>Disney Movies</title>
    <link>trakt_list(arb,disney)</link>
    <summary>Disney Movie Collection</summary>
    <thumbnail>https://raw.githubusercontent.com/OpenELEQ/repository.elysium/master/images/Default/disney.png</thumbnail>
  </dir>

  <dir>
    <title>Oscar Winners</title>
    <link>trakt_list(arb,oscar-winners)</link>
    <summary>Winners of Best Picture Award</summary>
    <thumbnail>https://raw.githubusercontent.com/OpenELEQ/repository.elysium/master/images/Default/oscars.png</thumbnail>
  </dir>

  <dir>
    <title>Upcoming Movies</title>
    <tmdb>movie/upcoming</tmdb>
    <summary>Shows Trailers For Upcoming Movies</summary>
    <thumbnail>https://raw.githubusercontent.com/OpenELEQ/repository.elysium/master/images/Default/featured.png</thumbnail>
  </dir>
</xml>