<favourites>
	<favourite name="Collectie" thumb="special://home/addons/script.exodus.artwork/resources/media/exodus/trakt.png">ActivateWindow(10025,&quot;plugin://plugin.video.specto/?action=tvshows&amp;url=traktcollection&quot;)</favourite>
    <favourite name="Volglijst" thumb="special://home/addons/script.exodus.artwork/resources/media/exodus/trakt.png">ActivateWindow(10025,&quot;plugin://plugin.video.specto/?action=tvshows&amp;url=traktwatchlist&quot;)</favourite>
    <favourite name="Volgende afleveringen" thumb="special://home/addons/script.exodus.artwork/resources/media/exodus/new-tvshows.png">ActivateWindow(10025,&quot;plugin://plugin.video.specto/?action=calendar&amp;url=progress&quot;)</favourite>
    <favourite name="Aanbevolen Series" thumb="special://home/addons/script.exodus.artwork/resources/media/exodus/highly-rated.png">ActivateWindow(10025,&quot;plugin://plugin.video.specto/?action=tvshows&amp;url=traktfeatured&quot;,return)</favourite>
    <favourite name="Trakt koppelen met Specto" thumb="special://home/addons/plugin.video.afkmenu/logos/traktconnect.png">ActivateWindow(10025,&quot;plugin://plugin.video.specto/?action=authTrakt&quot;)</favourite>
</favourites>