<favourites>
   <favourite name="Rising Tides Sports" thumb="/storage/.kodi/addons/plugin.video.Rising.Tides/icon.png">ActivateWindow(10025,&quot;plugin://plugin.video.Rising.Tides/?fanart=http%3a%2f%2fmullafabz.xyz%2fHOST%2fIcons%2fpromo.jpg&amp;iconimage=http%3a%2f%2fmullafabz.xyz%2fHOST%2fIcons%2fLive-Sport-Channel-TV.jpg&amp;mode=1&amp;name=%5bCOLOR%20pink%5d%5bB%5dS%5b%2fB%5d%5b%2fCOLOR%5d%5bCOLOR%20white%5d%5bB%5dports%5b%2fB%5d%5b%2fCOLOR%5d%20%5bCOLOR%20red%5d%5bB%5dC%5b%2fB%5d%5b%2fCOLOR%5d%5bCOLOR%20white%5d%5bB%5dhannels%5b%2fB%5d%5b%2fCOLOR%5d&amp;url=http%3a%2f%2fbit.ly%2fSPORTZZ&quot;,return)</favourite>
   <favourite name="Aspis Sports" thumb="/storage/.kodi/addons/plugin.video.Aspis/icon.png">ActivateWindow(10025,&quot;plugin://script.module.Aspis/list_channels/36&quot;,return)</favourite>
   <favourite name="Paktv Sports" thumb="special://skin/logos/sports.jpg">ActivateWindow(10025,&quot;plugin://plugin.video.ZemTV-shani/?mode=52&amp;name=Paktv%20sports&amp;url=sss&quot;,return)</favourite>
   <favourite name="Pi Sports" thumb="special://skin/logos/sports.jpg">ActivateWindow(10025,&quot;plugin://plugin.video.ZemTV-shani/?mode=71&amp;name=Pi%20sports&amp;url=sss&quot;,return)</favourite>
   <favourite name="UKTurk Sports" thumb="http://addoncloud.org/ukturk/UKTurk/thumbs/new/Uk%20turk%20thumbnails%20sports.jpg">ActivateWindow(10025,&quot;plugin://plugin.video.ukturk/?description&amp;fanart=%2fstorage%2f.kodi%2faddons%2fplugin.video.ukturk%2ffanart.jpg&amp;iconimage=http%3a%2f%2faddoncloud.org%2fukturk%2fUKTurk%2fthumbs%2fnew%2fUk%2520turk%2520thumbnails%2520sports.jpg&amp;mode=1&amp;name=Sports&amp;url=http%3a%2f%2faddoncloud.org%2fukturk%2fUKTurk%2fSportsList.txt&quot;,return)</favourite>
</favourites>