<favourites>
	<favourite name="Dubbed Anime" thumb="/storage/.kodi/addons/plugin.video.dubbedanime/icon.png">ActivateWindow(10025,&quot;plugin://plugin.video.dubbedanime/&quot;,return)</favourite>
	<favourite name="Cartoon8" thumb="special://home/addons/plugin.video.cartoons8/icon.png">ActivateWindow(10025,&quot;plugin://plugin.video.cartoons8/?description&amp;iconimage=%2fstorage%2f.kodi%2faddons%2fplugin.video.cartoons8%2fanime.png&amp;mode=10&amp;name=Anime&amp;url=url&quot;)</favourite>
    <favourite name="Verschillende Anime websites" thumb="special://home/addons/plugin.video.cartooncrazy/icon.png">ActivateWindow(10025,&quot;plugin://plugin.video.cartooncrazy/&quot;)</favourite>
    <favourite name="Kiss Anime - werkt niet alles meer" thumb="special://home/addons/plugin.video.kissanime/icon.png">ActivateWindow(10025,&quot;plugin://plugin.video.kissanime/&quot;)</favourite>
</favourites>