<favourites>
	<favourite name="Aanbevolen" thumb="special://home/addons/script.exodus.artwork/resources/media/exodus/highly-rated.png">ActivateWindow(10025,&quot;plugin://plugin.video.salts/?mode=watched&amp;period=monthly&amp;section=TV&quot;)</favourite>
    <favourite name="Zoeken" thumb="special://home/addons/script.exodus.artwork/resources/media/exodus/search.png">ActivateWindow(10025,&quot;plugin://plugin.video.salts/?mode=search&amp;section=TV&quot;)</favourite>
    <favourite name="Populair" thumb="special://home/addons/script.exodus.artwork/resources/media/exodus/most-popular.png">ActivateWindow(10025,&quot;plugin://plugin.video.salts/?mode=popular&amp;section=TV&quot;)</favourite>
    <favourite name="Recent Gezocht" thumb="special://home/addons/script.exodus.artwork/resources/media/exodus/downloads.png">ActivateWindow(10025,&quot;plugin://plugin.video.salts/?mode=recent_search&amp;section=TV&quot;)</favourite>
    <favourite name="Hoogste Kijkcijfers" thumb="special://home/addons/script.exodus.artwork/resources/media/exodus/featured.png">ActivateWindow(10025,&quot;plugin://plugin.video.salts/?mode=watched&amp;period=all&amp;section=TV&quot;)</favourite>
    <favourite name="Zoeken op Genres" thumb="special://home/addons/script.exodus.artwork/resources/media/exodus/genres.png">ActivateWindow(10025,&quot;plugin://plugin.video.salts/?mode=genres&amp;section=TV&quot;)</favourite>
    <favourite name="Meest Bekeken" thumb="special://home/addons/script.exodus.artwork/resources/media/exodus/people-watching.png">ActivateWindow(10025,&quot;plugin://plugin.video.exodus/?action=tvshows&amp;url=views&quot;)</favourite>
    <favourite name="Kalender" thumb="special://home/addons/script.exodus.artwork/resources/media/exodus/calendar.png">ActivateWindow(10025,&quot;plugin://plugin.video.salts/?mode=calendar&quot;)</favourite>
</favourites>