<favourites>
    <favourite name="Collectie" thumb="special://home/addons/plugin.video.afkmenu/logos/navigatie/trakt.png">ActivateWindow(10025,&quot;plugin://plugin.video.rebirth/?action=movies&amp;url=traktcollection&quot;)</favourite>
    <favourite name="Film Lijst" thumb="special://home/addons/plugin.video.afkmenu/logos/navigatie/userlists.png">ActivateWindow(10025,&quot;plugin://plugin.video.rebirth/?action=movieUserlists&quot;)</favourite>
    <favourite name="Aanbevolen Films" thumb="special://home/addons/plugin.video.afkmenu/logos/navigatie/highly-rated.png">ActivateWindow(10025,&quot;plugin://plugin.video.rebirth/?action=movies&amp;url=traktfeatured&quot;)</favourite>
    <favourite name="Volglijst" thumb="special://home/addons/plugin.video.afkmenu/logos/navigatie/trakt.png">ActivateWindow(10025,&quot;plugin://plugin.video.rebirth/?action=movies&amp;url=traktwatchlist&quot;)</favourite>
    <favourite name="Ontdekken" thumb="special://home/addons/plugin.video.afkmenu/logos/navigatie/movies.png">ActivateWindow(10025,&quot;plugin://plugin.video.rebirth/?action=movieliteNavigator&quot;)</favourite>
    <favourite name="Trakt koppelen met Covenant" thumb="special://home/addons/plugin.video.afkmenu/logos/traktconnect.png">RunPlugin(plugin://plugin.video.rebirth/?action=authTrakt)</favourite>
</favourites>