<favourites>
	<favourite name="Aanbevolen" thumb="special://home/addons/plugin.video.menu/logos/navigatie/rocket.png">ActivateWindow(10025,&quot;plugin://plugin.video.seren/?action=showsTrending&amp;page=1&quot;,return)</favourite>
    <favourite name="Zoeken" thumb="special://home/addons/plugin.video.menu/logos/navigatie/search.png">ActivateWindow(10025,&quot;plugin://plugin.video.seren/?action=showsSearch&quot;,return)</favourite>
    <favourite name="Populair" thumb="special://home/addons/plugin.video.menu/logos/navigatie/top100.png">ActivateWindow(10025,&quot;plugin://plugin.video.seren/?action=showsPopular&amp;page=1&quot;,return)</favourite>
    <favourite name="Zoeken op Genres" thumb="special://home/addons/plugin.video.menu/logos/navigatie/search.png">ActivateWindow(10025,&quot;plugin://plugin.video.seren/?action=showGenres&quot;,return)</favourite>
    <favourite name="Meest Afgespeeld" thumb="special://home/addons/plugin.video.menu/logos/navigatie/year.png">ActivateWindow(10025,&quot;plugin://plugin.video.seren/?action=showsPlayed&amp;page=1&quot;,return)</favourite>
    <favourite name="Meest Bekeken" thumb="special://home/addons/plugin.video.menu/logos/navigatie/eye.png">ActivateWindow(10025,&quot;plugin://plugin.video.seren/?action=showsWatched&amp;page=1&quot;,return)</favourite>
    <favourite name="Nieuwe Series" thumb="special://home/addons/plugin.video.menu/logos/navigatie/recentlyadded.png">ActivateWindow(10025,&quot;plugin://plugin.video.seren/?action=showsUpdated&amp;page=1&quot;,return)</favourite>
    <favourite name="">noop</favourite>
    <favourite name="Mijn TRAKT (Series)" thumb="special://home/addons/plugin.video.menu/logos/navigatie/trakttv.png">ActivateWindow(10025,&quot;plugin://plugin.program.super.favourites/?label=trakt&amp;mode=400&amp;path=special%3A%2F%2Fhome%2Faddons%2Fplugin.video.menu%2Fmenu%5CSuper+Favourites%5Cmappen%5Cserentrakttv&quot;,return)</favourite>
    <favourite name="Trakt Koppelen met Seren" thumb="special://home/addons/plugin.video.menu/logos/navigatie/trakttv.png">RunPlugin(plugin://plugin.video.seren/?action=authTrakt)</favourite>
</favourites>