<favourites>
   <favourite name="Incursion Series" thumb="special://home/addons/plugin.video.afkmenu/logos/incursion.png">ActivateWindow(10025,&quot;plugin://plugin.program.super.favourites/?label=Incursion&amp;mode=400&amp;path=special%3A%2F%2Fhome%2Faddons%2Fplugin.video.afkmenu%2Fmenu%5CSuper+Favourites%5Cmappen%5Cincursiontv&amp;sf_options=winID%3D10025%26desc%3DSeries+kijken+via+Incursion+Addon%26_options_sf&quot;)</favourite>
   <favourite name="Serie Lijsten (HD)" thumb="special://home/addons/plugin.video.afkmenu/logos/more.png">ActivateWindow(10025,&quot;plugin://plugin.program.super.favourites/?label=Lijsten&amp;mode=400&amp;path=special%3A%2F%2Fhome%2Faddons%2Fplugin.video.afkmenu%2Fmenu%5CSuper+Favourites%5Cmappen%5Cboxsets&amp;sf_options=&quot;)</favourite>
   <favourite name="Placenta Series" thumb="special://home/addons/plugin.video.afkmenu/logos/placenta.png">ActivateWindow(10025,&quot;plugin://plugin.program.super.favourites/?label=Placenta&amp;mode=400&amp;path=special%3A%2F%2Fhome%2Faddons%2Fplugin.video.afkmenu%2Fmenu%5CSuper+Favourites%5Cmappen%5Cplacentatv&amp;sf_options=winID%3D10025%26desc%3DSeries+kijken+via+Placenta+Addon%26_options_sf&quot;)</favourite>
   <favourite name="Meer Serie Addons" thumb="special://home/addons/plugin.video.afkmenu/logos/more.png">ActivateWindow(10025,&quot;plugin://plugin.program.super.favourites/?label=Meer&amp;mode=400&amp;path=special%3A%2F%2Fhome%2Faddons%2Fplugin.video.afkmenu%2Fmenu%5CSuper+Favourites%5Cmappen%5Cmeeraddons&amp;sf_options=&quot;)</favourite>
   <favourite name="Neptune Series" thumb="special://home/addons/plugin.video.afkmenu/logos/rebirth.png">ActivateWindow(10025,&quot;plugin://plugin.program.super.favourites/?label=Neptune&amp;mode=400&amp;path=special%3A%2F%2Fhome%2Faddons%2Fplugin.video.afkmenu%2Fmenu%5CSuper+Favourites%5Cmappen%5Cneptunetv&amp;sf_options=winID%3D10025%26desc%3DSeries+kijken+via+Neptune+Addon%26_options_sf&quot;)</favourite>
   <favourite>noop</favourite>
   <favourite name="INFO OPENELEC GEBRUIKERS" thumb=" ">&amp;sf_options=winID%3D10025%26desc%3DGebruik+NEPTUNE+of+HD+lijsten+andere+addons+spelen+vrij+weinig+af+zonder+RD+helaas%26_options_sf&quot;)</favourite>
</favourites>