<favourites>
	<favourite name="Aanbevolen" thumb="special://home/addons/plugin.video.menu/logos/navigatie/rocket.png">ActivateWindow(10025,&quot;plugin://plugin.video.neptune/?action=tvshows&amp;url=trending&quot;,return)</favourite>
    <favourite name="Zoeken" thumb="special://home/addons/plugin.video.menu/logos/navigatie/search.png">ActivateWindow(10025,&quot;plugin://plugin.video.neptune/?action=tvSearch&quot;,return)</favourite>
    <favourite name="Populair" thumb="special://home/addons/plugin.video.menu/logos/navigatie/top100.png">ActivateWindow(10025,&quot;plugin://plugin.video.neptune/?action=tvshows&amp;url=popular&quot;,return)</favourite>
    <favourite name="Zoeken op Genres" thumb="special://home/addons/plugin.video.menu/logos/navigatie/search.png">ActivateWindow(10025,&quot;plugin://plugin.video.neptune/?action=tvGenres&quot;,return)</favourite>
    <favourite name="Hoogste Kijkcijfers" thumb="special://home/addons/plugin.video.menu/logos/navigatie/year.png">ActivateWindow(10025,&quot;plugin://plugin.video.neptune/?action=tvshows&amp;url=watched4&quot;,return)</favourite>
    <favourite name="Zoek Acteurs" thumb="special://home/addons/plugin.video.menu/logos/navigatie/search.png">ActivateWindow(10025,&quot;plugin://plugin.video.neptune/?action=tvPerson&quot;,return)</favourite>
    <favourite name="Meest Bekeken" thumb="special://home/addons/plugin.video.menu/logos/navigatie/eye.png">ActivateWindow(10025,&quot;plugin://plugin.video.neptune/?action=tvshows&amp;url=watched2&quot;,return)</favourite>
    <favourite name="Kalender" thumb="special://home/addons/plugin.video.menu/logos/navigatie/timer.png">ActivateWindow(10025,&quot;plugin://plugin.video.neptune/?action=calendar&amp;url=added&quot;,return)</favourite>
    <favourite name="Nieuwe Series" thumb="special://home/addons/plugin.video.menu/logos/navigatie/recentlyadded.png">ActivateWindow(10025,&quot;plugin://plugin.video.neptune/?action=tvshows&amp;url=premiere&quot;,return)</favourite>
    <favourite name="">noop</favourite>
    <favourite name="Mijn Serie Lijsten (TRAKT)" thumb="special://home/addons/plugin.video.menu/logos/navigatie/trakttv.png">ActivateWindow(10025,&quot;plugin://plugin.video.neptune/?action=mytvNavigator&quot;,return)</favourite>
    <favourite name="Trakt Koppelen met Rebirth" thumb="special://home/addons/plugin.video.menu/logos/navigatie/trakttv.png">RunPlugin(plugin://plugin.video.neptune/?action=authTrakt)</favourite>
</favourites>