<?xml version="1.0" encoding="UTF-8" standalone="yes"?>
<addon id="plugin.video.ufc-finest" name="Planet MMA" version="4.2" provider-name="DK">
    <requires>
        <import addon="xbmc.python" version="2.1.0" />
        <import addon="script.module.universalscrapers" version="1.0.0" />
        <import addon="script.module.python.koding.aio" version="0.9.6.6" />
        <import addon="script.module.beautifulsoup" version="3.2.1" />
        <import addon="script.module.requests" version="2.9.1" />
        <import addon="script.module.addon.common" version="2.0.0" />
        <import addon="script.module.xmltodict" version="0.9.0" />
        <import addon="script.module.dateutil" />
        <!--<import addon="script.module.web-pdb" version="1.0"/>-->
        <import addon="script.module.resolveurl" />
        <!--<import addon="script.module.urlresolver" />-->
    </requires>
    <extension point="xbmc.python.pluginsource" library="default.py">
        <provides>video</provides>
    </extension>
    <extension point="xbmc.service" library="service.py" start="[login|startup]" />
    <extension point="xbmc.addon.metadata">
        <summary lang="en">Planet MMA.</summary>
        <description lang="en">All your MMA needs</description>
        <disclaimer lang="en">None of the videos are hosted by this site. Streams hosted from sites like Openload and HLS sources available over Internet are embedded here. This Addon is not responsible for the legality of the content. For legal issues, please contact appropriate media file owners/hosters.</disclaimer>
        <platform>all</platform>
        <website/>
        <video_guide>https://</video_guide>
        <reuselanguageinvoker>false</reuselanguageinvoker>
    </extension>
</addon>
