<favourites>
	<favourite name="Aanbevolen" thumb="special://home/addons/plugin.video.menu/logos/navigatie/rocket.png">ActivateWindow(10025,&quot;plugin://plugin.video.elysium/?action=tvshows&amp;url=featured&quot;)</favourite>
    <favourite name="Zoeken" thumb="special://home/addons/plugin.video.menu/logos/navigatie/search.png">ActivateWindow(10025,&quot;plugin://plugin.video.elysium/?action=tvSearch&quot;)</favourite>
    <favourite name="Populair" thumb="special://home/addons/plugin.video.menu/logos/navigatie/top100.png">ActivateWindow(10025,&quot;plugin://plugin.video.elysium/?action=tvshows&amp;url=popular&quot;)</favourite>
    <favourite name="Zoeken op Genres" thumb="special://home/addons/plugin.video.menu/logos/navigatie/search.png">ActivateWindow(10025,&quot;plugin://plugin.video.elysium/?action=tvGenres&quot;)</favourite>
    <favourite name="Hoogste Kijkcijfers" thumb="special://home/addons/plugin.video.menu/logos/navigatie/year.png">ActivateWindow(10025,&quot;plugin://plugin.video.elysium/?action=tvshows&amp;url=rating&quot;)</favourite>
    <favourite name="Zoek Acteurs" thumb="special://home/addons/plugin.video.menu/logos/navigatie/search.png">ActivateWindow(10025,&quot;plugin://plugin.video.elysium/?action=tvPerson&quot;)</favourite>
    <favourite name="Meest Bekeken" thumb="special://home/addons/plugin.video.menu/logos/navigatie/eye.png">ActivateWindow(10025,&quot;plugin://plugin.video.elysium/?action=tvshows&amp;url=views&quot;)</favourite>
    <favourite name="Kalender" thumb="special://home/addons/plugin.video.menu/logos/navigatie/timer.png">ActivateWindow(10025,&quot;plugin://plugin.video.elysium/?action=calendars&quot;)</favourite>
    <favourite name="Nieuwe Series" thumb="special://home/addons/plugin.video.menu/logos/navigatie/recentlyadded.png">ActivateWindow(10025,&quot;plugin://plugin.video.elysium/?action=tvshows&amp;url=premiere&quot;)</favourite>
    <favourite name="">noop</favourite>
    <favourite name="Mijn Serie Lijsten (TRAKT)" thumb="special://home/addons/plugin.video.menu/logos/navigatie/trakttv.png">ActivateWindow(10025,&quot;plugin://plugin.video.rebirth/?action=mymovieNavigator&quot;,return)</favourite>
    <favourite name="Trakt Koppelen met Elysium" thumb="special://home/addons/plugin.video.menu/logos/navigatie/trakttv.png">RunPlugin(plugin://plugin.video.elysium/?action=authTrakt)</favourite>
</favourites>