<favourites>
    <favourite name="Supremacy Serie Boxsets" thumb="special://home/addons/plugin.video.afkmenu/logos/tv.png">ActivateWindow(10025,&quot;plugin://plugin.video.SkyNet/?fanart=http%3a%2f%2fmavericktvnet%2fdata%2fskynetbg.jpg&amp;iconimage=http%3a%2f%2fmavericktv.net%2fdata%2fskyiconbox.png&amp;mode=1&amp;name=%5bCOLOR%20white%5dSupremacy%20TV%20Boxsets%5b%2fCOLOR%5d&amp;url=http%3a%2f%2fstephen-builds.uk%2fsupremacy%2ftv%2520shows%2fhome.txt&quot;,return)</favourite>
    <favourite name="Maverick Serie Boxsets" thumb="special://home/addons/plugin.video.afkmenu/logos/tv.png">ActivateWindow(10025,&quot;plugin://plugin.video.SkyNet/?fanart=http%3a%2f%2fmavericktv.net%2fdata%2fskynetbg.jpg&amp;iconimage=http%3a%2f%2fmavericktv.net%2fdata%2fskyiconbox.png&amp;mode=1&amp;name=%5bCOLOR%20white%5dMaverick%20TV%20Boxsets%5b%2fCOLOR%5d&amp;url=http%3a%2f%2fmavericktv.net%2fdata%2fseries%2fseries.xml&quot;,return)</favourite>
    <favourite name="UKTurk Serie Boxsets" thumb="special://home/addons/plugin.video.afkmenu/logos/tv.png">ActivateWindow(10025,&quot;plugin://plugin.video.ukturk/?description&amp;fanart=%2fstorage%2f.kodi%2faddons%2fplugin.video.ukturk%2ffanart.jpg&amp;iconimage=http%3a%2f%2faddoncloud.org%2fukturk%2fUKTurk%2fthumbs%2fnew%2fUk%2520turk%2520thumbnails%2520tv%2520shows.jpg&amp;mode=1&amp;name=TV%20Shows&amp;url=http%3a%2f%2faddoncloud.org%2fukturk%2fUKTurk%2ftv%2520shows%2fIndex.txt&quot;,return)</favourite>
    <favourite name="Universe Serie Boxsets" thumb="special://home/addons/plugin.video.afkmenu/logos/tv.png">ActivateWindow(10025,&quot;plugin://plugin.video.Universe/?description&amp;fanart=http%3a%2f%2fkodiworld.esy.es%2fAddon%2fPics%2fbasefanart.jpg&amp;mode=1&amp;name=%5bB%5d%5bCOLOR%20snow%5dTV%20Shows%20Boxsets%5b%2fCOLOR%5d%5b%2fB%5d&amp;url=http%3a%2f%2fkodiworld.esy.es%2fAddon%2fTxt%2fTv-Shows.txt&quot;,return)</favourite>
    <favourite name="Pyramid Serie Boxsets" thumb="special://home/addons/plugin.video.afkmenu/logos/tv.png">ActivateWindow(10025,&quot;plugin://plugin.video.thepyramid/?fanart=https%3a%2f%2farchive.org%2fdownload%2fpyramidnew%2fpyramidnew.jpg&amp;mode=1&amp;name=%5bB%5d%5bI%5d%5bCOLORtomato%5dTV%20Boxsets%5b%2fB%5d%5b%2fI%5d%5b%2fCOLOR%5d&amp;url=http%3a%2f%2fpyramid.teamzt.seedr.io%2fpyramid%2ffullseries.txt&quot;,return)</favourite>
</favourites>