<favourites>
    <favourite name="Populair" thumb="special://home/addons/plugin.video.afkmenu/logos/navigatie/rocket.png">ActivateWindow(10025,&quot;plugin://plugin.video.elysium/?action=movies&amp;url=popular&quot;,return)</favourite>
    <favourite name="Zoeken" thumb="special://home/addons/plugin.video.afkmenu/logos/navigatie/search.png">ActivateWindow(10025,&quot;plugin://plugin.video.elysium/?action=movieSearch&quot;,return)</favourite>
    <favourite name="Meest Opgebracht" thumb="special://home/addons/plugin.video.afkmenu/logos/navigatie/coins.png">ActivateWindow(10025,&quot;plugin://plugin.video.elysium/?action=movies&amp;url=featured&quot;,return)</favourite>
    <favourite name="Zoeken op Genres" thumb="special://home/addons/plugin.video.afkmenu/logos/navigatie/search.png">ActivateWindow(10025,&quot;plugin://plugin.video.elysium/?action=movieGenres&quot;,return)</favourite>
    <favourite name="Oscar Winnaars" thumb="special://home/addons/plugin.video.afkmenu/logos/navigatie/top100.png">ActivateWindow(10025,&quot;plugin://plugin.video.elysium/?action=movies&amp;url=oscars&quot;,return)</favourite>
    <favourite name="Zoeken op Jaren" thumb="special://home/addons/plugin.video.afkmenu/logos/navigatie/search.png">ActivateWindow(10025,&quot;plugin://plugin.video.elysium/?action=movieYears&quot;,return)</favourite>
    <favourite name="Meest Bekeken" thumb="special://home/addons/plugin.video.afkmenu/logos/navigatie/eye.png">ActivateWindow(10025,&quot;plugin://plugin.video.elysium/?action=movies&amp;url=views&quot;,return)</favourite>
    <favourite name="Zoek Acteurs" thumb="special://home/addons/plugin.video.afkmenu/logos/navigatie/search.png">ActivateWindow(10025,&quot;plugin://plugin.video.elysium/?action=moviePerson&quot;,return)</favourite>
    <favourite name="Mijn Film Lijsten (TRAKT)" thumb="special://home/addons/plugin.video.afkmenu/logos/navigatie/trakttv.png">ActivateWindow(10025,&quot;plugin://plugin.video.rebirth/?action=mymovieNavigator&quot;,return)</favourite>
    <favourite name="Trakt Koppelen met Elysium" thumb="special://home/addons/plugin.video.afkmenu/logos/navigatie/trakttv.png">RunPlugin(plugin://plugin.video.elysium/?action=authTrakt)</favourite>
</favourites>