<favourites>
    <favourite name="Atreides" thumb="special://home/addons/plugin.video.atreides/icon.png">ActivateWindow(10025,&quot;plugin://plugin.video.atreides/&quot;,return)</favourite>
    <favourite name="Yoda" thumb="special://home/addons/plugin.video.yoda/icon.png">ActivateWindow(10025,&quot;plugin://plugin.video.yoda/&quot;,return)</favourite>
    <favourite name="The Crew" thumb="special://home/addons/plugin.video.thecrew/icon.png">ActivateWindow(10025,&quot;plugin://plugin.video.thecrew/&quot;,return)</favourite>
    <favourite name="13 Clowns" thumb="special://home/addons/plugin.video.13clowns/icon.png">ActivateWindow(10025,&quot;plugin://plugin.video.13clowns/&quot;,return)</favourite>
    <favourite name="Seren" thumb="special://home/addons/plugin.video.seren/ico-fox-gold-final.png">ActivateWindow(10025,&quot;plugin://plugin.video.seren/&quot;,return)</favourite>
</favourites>