<?xml version="1.0" encoding="UTF-8" standalone="yes"?>
<addon id="plugin.video.playlistLoader" name="Playlist Loader" version="1.3.1" provider-name="Avigdor">
  <requires>
    <import addon="xbmc.python" version="2.1.0"/>
  </requires>
  <extension point="xbmc.python.pluginsource" library="default.py">
        <provides>video</provides>
  </extension>
  <extension point="xbmc.addon.metadata">
    <summary lang="en">Playlist Loader - downloaded for free from:
http://www.hometheater.co.il</summary>
    <description lang="en">Playlist Loader - downloaded for free from:
http://www.hometheater.co.il</description>
    <platform>all</platform>
  </extension>
</addon>
