<favourites>
	<favourite name="Nieuw Toegevoegd" thumb="special://home/addons/plugin.video.afkmenu/logos/navigatie/recentlyadded.png">ActivateWindow(10025,&quot;plugin://plugin.video.supremacy/?action=directory&amp;content=movies&amp;url=http%3a%2f%2fstephen-builds.uk%2fsupremacy%2520changeing%2fNew%2520Releases.xml&quot;,return)</favourite>
    <favourite name="Zoeken" thumb="special://home/addons/plugin.video.afkmenu/logos/navigatie/search.png">ActivateWindow(10025,&quot;plugin://plugin.video.SkyNet/?fanart=%2fstorage%2f.kodi%2faddons%2fplugin.video.supremacy-1.5.9%2ffanart.jpg&amp;mode=41&amp;name=%5bCOLOR%20red%5dSupremacy%20Movie%20Search%5b%2fCOLOR%5d&amp;url=http%3a%2f%2fstephen-builds.uk%2fsupremacy%2fSearch%2520Supremacy%2520Movies%2fhome.txt&quot;,return)</favourite>
    <favourite name="Real-Debrid Films" thumb="special://home/addons/plugin.video.afkmenu/logos/navigatie/year.png">ActivateWindow(10025,&quot;plugin://plugin.video.supremacy/?action=directory&amp;content=movies&amp;url=http%3a%2f%2fstephen-builds.uk%2fsupremacy%2520changeing%2fReal%2520Debrid%2520Movies.xml&quot;,return)</favourite>
    <favourite name="Zoeken op Genres" thumb="special://home/addons/plugin.video.afkmenu/logos/navigatie/search.png">ActivateWindow(10025,&quot;plugin://plugin.video.SkyNet/?fanart=http%3a%2f%2fstephen-builds.uk%2fart%2f20839702_10207884860798337_363786087_o.jpg&amp;iconimage=http%3a%2f%2fstephen-builds.uk%2fart%2fMovie%2520Genres.png&amp;mode=1&amp;name=%5bCOLOR%20aqua%5dMovie%20Genres%5b%2fCOLOR%5d&amp;url=http%3a%2f%2fstephen-builds.uk%2fsupremacy%2fMovie%2520Genres%2fhome.txt.txt&quot;,return)</favourite>
    <favourite name="1-Click" thumb="special://home/addons/plugin.video.afkmenu/logos/navigatie/database.png">ActivateWindow(10025,&quot;plugin://plugin.video.supremacy/?action=directory&amp;content=movies&amp;url=http%3a%2f%2fstephen-builds.uk%2fsupremacy%2520new%2f1%2520click%2520movies%2f1%2520click.xml&quot;,return)</favourite>
    <favourite name="Kinder Films" thumb="special://home/addons/plugin.video.afkmenu/logos/navigatie/octo.png">ActivateWindow(10025,&quot;plugin://plugin.video.supremacy/?action=directory&amp;content=movies&amp;url=http%3a%2f%2fstephen-builds.uk%2fsupremacy%2520changeing%2fKid%27s%2520movies.xml&quot;,return)</favourite>
    <favourite name="3D Films" thumb="special://home/addons/plugin.video.afkmenu/logos/navigatie/3dtv.png">ActivateWindow(10025,&quot;plugin://plugin.video.supremacy/?action=directory&amp;content=movies&amp;url=http%3a%2f%2fstephen-builds.uk%2fsupremacy%2520changeing%2f3D.xml&quot;,return)</favourite>
    <favourite name="Documentaires" thumb="special://home/addons/plugin.video.afkmenu/logos/navigatie/pictures.png">ActivateWindow(10025,&quot;plugin://plugin.video.supremacy/?action=directory&amp;content=movies&amp;url=http%3a%2f%2fstephen-builds.uk%2fsupremacy%2520changeing%2fDocumentary.xml&quot;,return)</favourite>
    <favourite name="4K Films" thumb="special://home/addons/plugin.video.afkmenu/logos/navigatie/warning.png">ActivateWindow(10025,&quot;plugin://plugin.video.supremacy/?action=directory&amp;content=movies&amp;url=http%3a%2f%2fstephen-builds.uk%2fsupremacy%2520changeing%2f4kmovies.xml&quot;,return)</favourite>
    <favourite name="Alles in Supremacy" thumb="special://home/addons/plugin.video.afkmenu/logos/supremacy.png">ActivateWindow(10025,&quot;plugin://plugin.video.SkyNet/?fanart=https%3a%2f%2fi.imgur.com%2fLboMZjr.jpg&amp;iconimage=https%3a%2f%2fi.imgur.com%2fFZoCKEx.jpg&amp;mode=1&amp;name=%5bCOLOR%20white%5dSupremacy%5b%2fCOLOR%5d&amp;url=http%3a%2f%2fstephen-builds.uk%2fsupremacy%2fhome.txt&quot;,return)</favourite>
</favourites>