<favourites>
    <favourite name="Trending" thumb="special://home/addons/plugin.video.menu/logos/navigatie/rocket.png">ActivateWindow(10025,&quot;plugin://plugin.video.seren/?action=moviesTrending&amp;page=1&quot;,return)</favourite>
    <favourite name="Zoeken" thumb="special://home/addons/plugin.video.menu/logos/navigatie/search.png">ActivateWindow(10025,&quot;plugin://plugin.video.seren/?action=moviesSearch&quot;,return)</favourite>
    <favourite name="Populair" thumb="special://home/addons/plugin.video.menu/logos/navigatie/coins.png">ActivateWindow(10025,&quot;plugin://plugin.video.seren/?action=moviesPopular&amp;page=1&quot;,return)</favourite>
    <favourite name="Zoeken op Genres" thumb="special://home/addons/plugin.video.menu/logos/navigatie/search.png">ActivateWindow(10025,&quot;plugin://plugin.video.seren/?action=movieGenres&amp;page=1&quot;,return)</favourite>
    <favourite name="Meest Bekeken" thumb="special://home/addons/plugin.video.menu/logos/navigatie/eye.png">ActivateWindow(10025,&quot;plugin://plugin.video.seren/?action=moviesWatched&amp;page=1&quot;,return)</favourite>
    <favourite name="Recent Toegevoegd" thumb="special://home/addons/plugin.video.menu/logos/navigatie/eye.png">ActivateWindow(10025,&quot;plugin://plugin.video.seren/?action=moviesUpdated&amp;page=1&quot;,return)</favourite>
    <favourite name="Mijn TRAKT (Films)" thumb="special://home/addons/plugin.video.menu/logos/navigatie/trakttv.png">ActivateWindow(10025,&quot;plugin://plugin.program.super.favourites/?label=trakt&amp;mode=400&amp;path=special%3A%2F%2Fhome%2Faddons%2Fplugin.video.menu%2Fmenu%5CSuper+Favourites%5Cmappen%5Cserentrakt&quot;,return)</favourite>
    <favourite name="Trakt Koppelen met Seren" thumb="special://home/addons/plugin.video.menu/logos/navigatie/trakttv.png">RunPlugin(plugin://plugin.video.seren/?action=authTrakt)</favourite>
</favourites>