<favourites>
	<favourite name="Nieuw Toegevoegd" thumb="special://home/addons/plugin.video.afkmenu/logos/navigatie/recentlyadded.png">ActivateWindow(10025,&quot;plugin://plugin.video.SkyNet/?fanart=http%3a%2f%2fstephen-builds.uk%2fart%2f20839702_10207884860798337_363786087_o.jpg&amp;iconimage=http%3a%2f%2fstephen-builds.uk%2fart%2fNew%2520Releases.png&amp;mode=1&amp;name=%5bCOLOR%20aqua%5dNew%20Releases%5b%2fCOLOR%5d&amp;url=http%3a%2f%2fstephen-builds.uk%2fsupremacy%2fNew%2520Releases%2fNew%2520Releases.txt&quot;,return)</favourite>
    <favourite name="Zoeken" thumb="special://home/addons/plugin.video.afkmenu/logos/navigatie/search.png">ActivateWindow(10025,&quot;plugin://plugin.video.SkyNet/?fanart=%2fstorage%2f.kodi%2faddons%2fplugin.video.supremacy-1.5.9%2ffanart.jpg&amp;mode=41&amp;name=%5bCOLOR%20red%5dSupremacy%20Movie%20Search%5b%2fCOLOR%5d&amp;url=http%3a%2f%2fstephen-builds.uk%2fsupremacy%2fSearch%2520Supremacy%2520Movies%2fhome.txt&quot;,return)</favourite>
    <favourite name="Real-Debrid Films" thumb="special://home/addons/plugin.video.afkmenu/logos/navigatie/year.png">ActivateWindow(10025,&quot;plugin://plugin.video.SkyNet/?fanart=http%3a%2f%2fstephen-builds.uk%2fart%2f20839702_10207884860798337_363786087_o.jpg&amp;iconimage=https%3a%2f%2fi.imgur.com%2fwJz3Bn0.png&amp;mode=1&amp;name=%5bCOLOR%20aqua%5dReal%20Debrid%20Movies%5b%2fCOLOR%5d&amp;url=http%3a%2f%2fstephen-builds.uk%2fsupremacy%2fReal%2520Debrid%2520Movies%2fReal%2520Debrid%2520Movies.xml&quot;,return)</favourite>
    <favourite name="Zoeken op Genres" thumb="special://home/addons/plugin.video.afkmenu/logos/navigatie/search.png">ActivateWindow(10025,&quot;plugin://plugin.video.SkyNet/?fanart=http%3a%2f%2fstephen-builds.uk%2fart%2f20839702_10207884860798337_363786087_o.jpg&amp;iconimage=http%3a%2f%2fstephen-builds.uk%2fart%2fMovie%2520Genres.png&amp;mode=1&amp;name=%5bCOLOR%20aqua%5dMovie%20Genres%5b%2fCOLOR%5d&amp;url=http%3a%2f%2fstephen-builds.uk%2fsupremacy%2fMovie%2520Genres%2fhome.txt.txt&quot;,return)</favourite>
    <favourite name="Films A-Z" thumb="special://home/addons/plugin.video.afkmenu/logos/navigatie/database.png">ActivateWindow(10025,&quot;plugin://plugin.video.SkyNet/?fanart=http%3a%2f%2fstephen-builds.uk%2fart%2f20839702_10207884860798337_363786087_o.jpg&amp;iconimage=https%3a%2f%2fi.imgur.com%2f4Zezk3a.png&amp;mode=1&amp;name=%5bCOLOR%20aqua%5dMovies%20A%20to%20Z%5b%2fCOLOR%5d&amp;url=http%3a%2f%2fstephen-builds.uk%2fsupremacy%2fMovies%2520A%2520TO%2520Z%2fhome.txt&quot;,return)</favourite>
    <favourite name="Kinder Films" thumb="special://home/addons/plugin.video.afkmenu/logos/navigatie/octo.png">ActivateWindow(10025,&quot;plugin://plugin.video.SkyNet/?fanart=http%3a%2f%2fstephen-builds.uk%2fart%2f20839702_10207884860798337_363786087_o.jpg&amp;iconimage=http%3a%2f%2fstephen-builds.uk%2fart%2fkids%2520movies%25201.png&amp;mode=1&amp;name=%5bCOLOR%20aqua%5dKid%27s%20Movies%5b%2fCOLOR%5d&amp;url=http%3a%2f%2fstephen-builds.uk%2fsupremacy%2fKid%27s%2520movies%2fhome.txt&quot;,return)</favourite>
    <favourite name="3D Films" thumb="special://home/addons/plugin.video.afkmenu/logos/navigatie/3dtv.png">ActivateWindow(10025,&quot;plugin://plugin.video.SkyNet/?fanart=http%3a%2f%2fstephen-builds.uk%2fart%2f20839702_10207884860798337_363786087_o.jpg&amp;iconimage=http%3a%2f%2fstephen-builds.uk%2fart%2f3d.png&amp;mode=1&amp;name=%5bCOLOR%20aqua%5d3D%20Films%5b%2fCOLOR%5d&amp;url=http%3a%2f%2fstephen-builds.uk%2fsupremacy%2f3D%2520Films%2f3D.txt&quot;,return)</favourite>
    <favourite name="Documentaires" thumb="special://home/addons/plugin.video.afkmenu/logos/navigatie/pictures.png">ActivateWindow(10025,&quot;plugin://plugin.video.SkyNet/?fanart=http%3a%2f%2fstephen-builds.uk%2fart%2f20839702_10207884860798337_363786087_o.jpg&amp;iconimage=http%3a%2f%2fstephen-builds.uk%2fart%2fstar-wars-the-old-republic-6-icon.png&amp;mode=1&amp;name=%5bCOLOR%20aqua%5dDocumentaries%5b%2fCOLOR%5d&amp;url=http%3a%2f%2fstephen-builds.uk%2fsupremacy%2fDocumentaries%2fDocumentaries.txt&quot;,return)</favourite>
    <favourite name="4K Films" thumb="special://home/addons/plugin.video.afkmenu/logos/navigatie/warning.png">ActivateWindow(10025,&quot;plugin://plugin.video.SkyNet/?fanart=http%3a%2f%2fstephen-builds.uk%2fart%2f20839702_10207884860798337_363786087_o.jpg&amp;iconimage=http%3a%2f%2fstephen-builds.uk%2fart%2fo.png&amp;mode=1&amp;name=%5bCOLOR%20aqua%5d4K%20Movies%5b%2fCOLOR%5d&amp;url=http%3a%2f%2fstephen-builds.uk%2fsupremacy%2f4K%2520Movies%2f4K%2520Movies.txt&quot;,return)</favourite>
    <favourite name="Alles in Supremacy" thumb="special://home/addons/plugin.video.afkmenu/logos/supremacy.png">ActivateWindow(10025,&quot;plugin://plugin.video.SkyNet/?fanart=https%3a%2f%2fi.imgur.com%2fLboMZjr.jpg&amp;iconimage=https%3a%2f%2fi.imgur.com%2fFZoCKEx.jpg&amp;mode=1&amp;name=%5bCOLOR%20white%5dSupremacy%5b%2fCOLOR%5d&amp;url=http%3a%2f%2fstephen-builds.uk%2fsupremacy%2fhome.txt&quot;,return)</favourite>
</favourites>