{
    "menu_file": [
        {
            "title": "Podcasts Menu File",
            "version": "1",
            "checked": "1",
            "desc": "Menu File containing base menu system for Podcast section"
        }
    ],
    "podcast_root": [
        {
            "title": "32629",
            "action": "podbay",
            "thumbnail": "podcast.png"
        },
        {
            "title": "32624",
            "action": "podcastOne",
            "thumbnail": "podcast.png"
        },
        {
            "title": "My Saved Podcasts",
            "url": "podcasts",
            "action": "bmNavigator",
            "thumbnail": "podcast.png"
        }
    ],
    "podcastone_root": [
        {
            "title": "32625",
            "action": "podcastOne&podcastlist=featured-podcasts",
            "thumbnail": "podcast.png"
        },
        {
            "title": "32626",
            "action": "podcastOne&podcastlist=new-podcasts",
            "thumbnail": "podcast.png"
        },
        {
            "title": "All Podcasts",
            "action": "podcastOne&podcastlist=podcasts",
            "thumbnail": "podcast.png"
        },
        {
            "title": "Arts",
            "action": "podcastOne&podcastlist=arts-podcasts",
            "thumbnail": "podcast.png"
        },
        {
            "title": "Comedy",
            "action": "podcastOne&podcastlist=comedy-podcasts",
            "thumbnail": "podcast.png"
        },
        {
            "title": "Education",
            "action": "podcastOne&podcastlist=education-podcasts",
            "thumbnail": "podcast.png"
        },
        {
            "title": "Games and Hobbies",
            "action": "podcastOne&podcastlist=games-and-hobbies-podcasts",
            "thumbnail": "podcast.png"
        },
        {
            "title": "Government and Organizations",
            "action": "podcastOne&podcastlist=government-and-organizations-podcasts",
            "thumbnail": "podcast.png"
        },
        {
            "title": "Health",
            "action": "podcastOne&podcastlist=health-podcasts",
            "thumbnail": "podcast.png"
        },
        {
            "title": "Kids and Family",
            "action": "podcastOne&podcastlist=kids-and-family-podcasts",
            "thumbnail": "podcast.png"
        },
        {
            "title": "Music",
            "action": "podcastOne&podcastlist=music-podcasts",
            "thumbnail": "podcast.png"
        },
        {
            "title": "News and Politics",
            "action": "podcastOne&podcastlist=news-and-politics-podcasts",
            "thumbnail": "podcast.png"
        },
        {
            "title": "Religion and Spirituality",
            "action": "podcastOne&podcastlist=religion-and-spirituality-podcasts",
            "thumbnail": "podcast.png"
        },
        {
            "title": "Science and Medicine",
            "action": "podcastOne&podcastlist=science-and-medicine-podcasts",
            "thumbnail": "podcast.png"
        },
        {
            "title": "Society and Culture",
            "action": "podcastOne&podcastlist=society-and-culture-podcasts",
            "thumbnail": "podcast.png"
        },
        {
            "title": "Sports and Recreation ",
            "action": "podcastOne&podcastlist=sports-and-recreation-podcasts",
            "thumbnail": "podcast.png"
        },
        {
            "title": "Technology and Business",
            "action": "podcastOne&podcastlist=technology-and-business-podcasts",
            "thumbnail": "podcast.png"
        },
        {
            "title": "TV and Film",
            "action": "podcastOne&podcastlist=tv-and-film-podcasts",
            "thumbnail": "podcast.png"
        }
    ],
    "podbay_root": [
        {
            "title": "Top Podcasts",
            "action": "podbay&podcastlist=top",
            "thumbnail": "podcast.png"
        },
        {
            "title": "Arts",
            "action": "podbay&podcastlist=arts",
            "thumbnail": "podcast.png"
        },
        {
            "title": "Business",
            "action": "podbay&podcastlist=business",
            "thumbnail": "podcast.png"
        },
        {
            "title": "Comedy",
            "action": "podbay&podcastlist=comedy",
            "thumbnail": "podcast.png"
        },
        {
            "title": "Education",
            "action": "podbay&podcastlist=education",
            "thumbnail": "podcast.png"
        },
        {
            "title": "Games and Hobbies",
            "action": "podbay&podcastlist=games-and-hobbies",
            "thumbnail": "podcast.png"
        },
        {
            "title": "Government and Organizations",
            "action": "podbay&podcastlist=government-and-organizations",
            "thumbnail": "podcast.png"
        },
        {
            "title": "Health",
            "action": "podbay&podcastlist=health",
            "thumbnail": "podcast.png"
        },
        {
            "title": "Kids and Family",
            "action": "podbay&podcastlist=kids-and-family",
            "thumbnail": "podcast.png"
        },
        {
            "title": "Music",
            "action": "podbay&podcastlist=music",
            "thumbnail": "podcast.png"
        },
        {
            "title": "News and Politics",
            "action": "podbay&podcastlist=news-and-politics",
            "thumbnail": "podcast.png"
        },
        {
            "title": "Religion and Spirituality",
            "action": "podbay&podcastlist=religion-and-spirituality",
            "thumbnail": "podcast.png"
        },
        {
            "title": "Science and Medicine",
            "action": "podbay&podcastlist=science-and-medicine",
            "thumbnail": "podcast.png"
        },
        {
            "title": "Society and Culture",
            "action": "podbay&podcastlist=society-and-culture",
            "thumbnail": "podcast.png"
        },
        {
            "title": "Sports and Recreation ",
            "action": "podbay&podcastlist=sports-and-recreation",
            "thumbnail": "podcast.png"
        },
        {
            "title": "Technology",
            "action": "podbay&podcastlist=technology",
            "thumbnail": "podcast.png"
        },
        {
            "title": "TV and Film",
            "action": "podbay&podcastlist=tv-and-film",
            "thumbnail": "podcast.png"
        }
    ]
}