<favourites>
	<favourite name="Aanbevolen" thumb="special://home/addons/script.exodus.artwork/resources/media/exodus/highly-rated.png">ActivateWindow(10025,&quot;plugin://plugin.video.elysium/?action=tvshows&amp;url=featured&quot;)</favourite>
    <favourite name="Zoeken" thumb="special://home/addons/script.exodus.artwork/resources/media/exodus/search.png">ActivateWindow(10025,&quot;plugin://plugin.video.elysium/?action=tvSearch&quot;)</favourite>
    <favourite name="Populair" thumb="special://home/addons/script.exodus.artwork/resources/media/exodus/most-popular.png">ActivateWindow(10025,&quot;plugin://plugin.video.elysium/?action=tvshows&amp;url=popular&quot;)</favourite>
    <favourite name="Zoeken op Genres" thumb="special://home/addons/script.exodus.artwork/resources/media/exodus/genres.png">ActivateWindow(10025,&quot;plugin://plugin.video.elysium/?action=tvGenres&quot;)</favourite>
    <favourite name="Hoogste Kijkcijfers" thumb="special://home/addons/script.exodus.artwork/resources/media/exodus/featured.png">ActivateWindow(10025,&quot;plugin://plugin.video.elysium/?action=tvshows&amp;url=rating&quot;)</favourite>
    <favourite name="Zoek Acteurs" thumb="special://home/addons/script.exodus.artwork/resources/media/exodus/people-search.png">ActivateWindow(10025,&quot;plugin://plugin.video.elysium/?action=tvPerson&quot;)</favourite>
    <favourite name="Meest Bekeken" thumb="special://home/addons/script.exodus.artwork/resources/media/exodus/people-watching.png">ActivateWindow(10025,&quot;plugin://plugin.video.elysium/?action=tvshows&amp;url=views&quot;)</favourite>
    <favourite name="Kalender" thumb="special://home/addons/script.exodus.artwork/resources/media/exodus/calendar.png">ActivateWindow(10025,&quot;plugin://plugin.video.elysium/?action=calendars&quot;)</favourite>
    <favourite name="Nieuwe Series" thumb="special://home/addons/script.exodus.artwork/resources/media/exodus/new-tvshows.png">ActivateWindow(10025,&quot;plugin://plugin.video.elysium/?action=tvshows&amp;url=premiere&quot;)</favourite>
    <favourite name="Favorieten (WATCHLIST)" thumb="special://home/addons/script.exodus.artwork/resources/media/exodus/userlists.png">ActivateWindow(10025,&quot;plugin://plugin.video.elysium/?action=tvFavourites&amp;sf_options=winID%3D10025%26desc%3D!+Lokale+favorieten+niet+opgeslagen+in+trakt+!%26_options_sf&quot;)</favourite>
</favourites>