<favourites>
    <favourite name="Populair" thumb="special://home/addons/plugin.video.menu/logos/navigatie/18.png">ActivateWindow(10025,&quot;plugin://plugin.video.fantasticc/?mode=1&amp;name=Popular%20Last%207%20Days&amp;url=http%3a%2f%2ffantasti.cc%2fvideos%2fpopular%2f7days%2f&quot;,return)</favourite>
	<favourite name="Genres" thumb="special://home/addons/plugin.video.menu/logos/navigatie/18.png">ActivateWindow(10025,&quot;plugin://plugin.video.lubetube/&quot;,return)</favourite>
	<favourite name="Tubes" thumb="special://home/addons/plugin.video.menu/logos/navigatie/18.png">ActivateWindow(10025,&quot;plugin://plugin.video.videodevil/&quot;,return)</favourite>
	<favourite name="Willekeurig" thumb="special://home/addons/plugin.video.menu/logos/navigatie/18.png">ActivateWindow(10025,&quot;plugin://plugin.video.you.jizz/?mode=1&amp;name=Random%20Videos&amp;url=http%3a%2f%2fwww.youjizz.com%2frandom.php&quot;,return)</favourite>
	<favourite name="Zoeken" thumb="special://home/addons/plugin.video.menu/logos/navigatie/18.png">ActivateWindow(10025,&quot;plugin://plugin.video.you.jizz/?mode=3&amp;name=Search&amp;url=http%3a%2f%2fwww.youjizz.com%2fsrch.php%3fq%3d&quot;,return)</favourite>
</favourites>