<favourites>
   <favourite name="TheCrew Films" thumb="special://home/addons/plugin.video.afkmenu/logos/crew.png">ActivateWindow(10025,&quot;plugin://plugin.program.super.favourites/?label=TheCrew&amp;mode=400&amp;path=special%3A%2F%2Fhome%2Faddons%2Fplugin.video.afkmenu%2Fmenu%5CSuper+Favourites%5Cmappen%5Cthecrew&amp;sf_options=winID%3D10025%26desc%3DFilms+kijken+via+TheCrew+Addon%26_options_sf&quot;)</favourite>
   <favourite name="3D Films" thumb="special://skin/logos/3D.png">ActivateWindow(10025,&quot;plugin://plugin.program.super.favourites/?label=3D&amp;mode=400&amp;path=special%3A%2F%2Fhome%2Faddons%2Fplugin.video.afkmenu%2Fmenu%5CSuper+Favourites%5Cmappen%5C3d&amp;sf_options=&quot;)</favourite>
   <favourite name="Yoda Films" thumb="special://home/addons/plugin.video.afkmenu/logos/yoda.png">ActivateWindow(10025,&quot;plugin://plugin.program.super.favourites/?label=Yoda&amp;mode=400&amp;path=special%3A%2F%2Fhome%2Faddons%2Fplugin.video.afkmenu%2Fmenu%5CSuper+Favourites%5Cmappen%5Cyoda&amp;sf_options=winID%3D10025%26desc%3DFilms+kijken+via+Yoda+Addon%26_options_sf&quot;)</favourite>
   <favourite name="Film Lijsten (HD)" thumb="special://home/addons/plugin.video.afkmenu/logos/hdcollecties.png">ActivateWindow(10025,&quot;plugin://plugin.program.super.favourites/?label=HD-Collectie&amp;mode=400&amp;path=special%3A%2F%2Fhome%2Faddons%2Fplugin.video.afkmenu%2Fmenu%5CSuper+Favourites%5Cmappen%5Chdcollecties&amp;sf_options=winID%3D10025%26desc%3DDiverse+HD+Collecties%26_options_sf&quot;)</favourite>
   <favourite name="Meer Film Addons" thumb="special://home/addons/plugin.video.afkmenu/logos/more.png">ActivateWindow(10025,&quot;plugin://plugin.program.super.favourites/?label=Meer&amp;mode=400&amp;path=special%3A%2F%2Fhome%2Faddons%2Fplugin.video.afkmenu%2Fmenu%5CSuper+Favourites%5Cmappen%5Cmeeraddons&amp;sf_options=&quot;)</favourite>
   <favourite name="INFO OPENELEC GEBRUIKERS" thumb=" ">&amp;sf_options=winID%3D10025%26desc%3DWegens+ontbrekende+codecs+zal+niet+alle+content+geladen+kunnen+worden!%26_options_sf&quot;)</favourite>
</favourites>