{
  "id": "channel.regionalnl",
  "version": "5.0.0",
  "textures": {
    "channel.regionalnl.at5/at5fanart.jpg": "b0ecf807fcc933e88305cbc071c0ad5c",
    "channel.regionalnl.flevo/flevofanart.jpg": "2b9c66d86a8f3431666460107cad98c3",
    "channel.regionalnl.l1/l1fanart.jpg": "c8fa3216f6480ffe8479549a36529aaf",
    "channel.regionalnl.lokaal/omroepgelderlandfanart.jpg": "238979763420065778fa94a52a053509",
    "channel.regionalnl.lokaal/omroepwestfanart.jpg": "685ccab8441dd68fc3966e8f2670541b",
    "channel.regionalnl.lokaal/omropfryslanfanart.jpg": "56f0e2caedb3414c156fb24a2a50f238",
    "channel.regionalnl.lokaal/rtvdrenthefanart.jpg": "9b17249d72fb50e9a2f9c96aa7b17165",
    "channel.regionalnl.lokaal/rtvnhfanart.jpg": "1808c5fd3dd6607bfeb35267e3a69653",
    "channel.regionalnl.lokaal/rtvoostfanart.jpg": "78fcb000e6f4817bd76b37c34d0bd1d0",
    "channel.regionalnl.rpoapp/omroepzeelandfanart.jpg": "0456c0fe11b9d934f1060a3eca07a554",
    "channel.regionalnl.at5/at5image.png": "b38ca0dd3c2da45ebbd458d20619258f",
    "channel.regionalnl.at5/at5large.png": "0f2bd8ae5d3035030ac19cd6fad3a52f",
    "channel.regionalnl.flevo/flevoimage.png": "5739a9a44ec03804507ce18d4a525b47",
    "channel.regionalnl.flevo/flevolarge.png": "6fa930d075df2ab3a563beb88f9e08b6",
    "channel.regionalnl.gelderland/gelderlandimage.png": "e2c26c73806616ccd77587d5807b477e",
    "channel.regionalnl.gelderland/gelderlandlarge.png": "0df0c30cc374db19ef305d3df8df33a2",
    "channel.regionalnl.l1/l1image.png": "6cb8c6cff49ac1cbc84e3295523aab6e",
    "channel.regionalnl.l1/l1large.png": "4c5c989652417030384c75d5593f6456",
    "channel.regionalnl.lokaal/omroepbrabantfanart.png": "e302ec753b50d2c971addd8ee02a33a8",
    "channel.regionalnl.lokaal/omroepbrabantimage.png": "b1196b5cf23393eb1fbdb93c004a5233",
    "channel.regionalnl.lokaal/omroepbrabantlarge.png": "562d7563fa3a2a0fe50306dc5ee2bff3",
    "channel.regionalnl.lokaal/omroepgelderlandimage.png": "fb3b8daa6464d6bba3ae99dc1e89ec12",
    "channel.regionalnl.lokaal/omroepgelderlandlarge.png": "bbe1cc1108f635c146d5f3786cb7cb51",
    "channel.regionalnl.lokaal/omroepwestimage.png": "7e88bbaa4b4db9a7177c6a2735bd9b60",
    "channel.regionalnl.lokaal/omroepwestlarge.png": "cc613b8ac5665043fc14eb495e98324c",
    "channel.regionalnl.lokaal/omropfryslanimage.png": "ed0ef405470b910df60274ec78beed69",
    "channel.regionalnl.lokaal/omropfryslanlarge.png": "2cb7f034f0a5d7d077e846845b720df8",
    "channel.regionalnl.lokaal/rtvdrentheimage.png": "60ebc78f10a3f94c2cb6df91dfe90fea",
    "channel.regionalnl.lokaal/rtvdrenthelarge.png": "e990eacb8d23fbfd450640588992872c",
    "channel.regionalnl.lokaal/rtvnhimage.png": "21cced82a5337a3f4216c453132b5055",
    "channel.regionalnl.lokaal/rtvnhlarge.png": "c4ff85ce908be16b64f2186377938d37",
    "channel.regionalnl.lokaal/rtvnoordfanart.png": "bc8e40a652a1752b50e4b8418ccf9537",
    "channel.regionalnl.lokaal/rtvnoordimage.png": "e1cbd229a59aca1b77a3c548c67c98c3",
    "channel.regionalnl.lokaal/rtvnoordlarge.png": "c3cf6760786783fd3f9a66cbb8627d07",
    "channel.regionalnl.lokaal/rtvoostimage.png": "cd2dc61c2a042457ddef5b812e7d24ec",
    "channel.regionalnl.lokaal/rtvoostlarge.png": "c4a8ebd591ec2f0b2f5c406891b15ded",
    "channel.regionalnl.lokaal/rtvrijnmondfanart.png": "9e1b36adb4ecb7589df7f6bbd41ee10c",
    "channel.regionalnl.lokaal/rtvrijnmondimage.png": "d584a2b78389ced77a98cf5741b80dc2",
    "channel.regionalnl.lokaal/rtvrijnmondlarge.png": "7c7a698a38bcea11899e1452d5167355",
    "channel.regionalnl.rpoapp/omroepzeelandimage.png": "aeb0fba6f08d4f431cad56c1eb7f4237",
    "channel.regionalnl.rpoapp/omroepzeelandlarge.png": "2970e32b22bb591870ceb17536535692",
    "channel.regionalnl.rpoapp/rtvutrechtfanart.png": "0f6f598a18d75d873993f3d6f124a006",
    "channel.regionalnl.rpoapp/rtvutrechtimage.png": "281d8faa950c4bfe2ee2f49981eedbbd",
    "channel.regionalnl.rpoapp/rtvutrechtlarge.png": "f2d6857334e5825a52320e81ec8f2156"
  }
}