<favourites>
    <favourite name="Incursion" thumb="special://home/addons/plugin.video.incursion/icon.png">ActivateWindow(10025,&quot;plugin://plugin.video.incursion/&quot;,return)</favourite>
    <favourite name="Rebirth" thumb="special://home/addons/plugin.video.rebirth/icon.png">ActivateWindow(10025,&quot;plugin://plugin.video.rebirth/&quot;,return)</favourite>
    <favourite name="Elysium" thumb="special://home/addons/plugin.video.elysium/icon.png">ActivateWindow(10025,&quot;plugin://plugin.video.elysium/&quot;,return)</favourite>
    <favourite name="Placenta" thumb="special://home/addons/plugin.video.placenta/icon.png">ActivateWindow(10025,&quot;plugin://plugin.video.placenta/&quot;,return)</favourite>
</favourites>