<favourites>
   <favourite name="Rising Tides Sports" thumb="/storage/.kodi/addons/plugin.video.Rising.Tides/icon.png">ActivateWindow(10025,&quot;plugin://plugin.video.Rising.Tides/?fanart=http%3a%2f%2fmullafabz.xyz%2fHOST%2fIcons%2fpromo.jpg&amp;iconimage=http%3a%2f%2fmullafabz.xyz%2fHOST%2fIcons%2fLive-Sport-Channel-TV.jpg&amp;mode=1&amp;name=%5bCOLOR%20pink%5d%5bB%5dS%5b%2fB%5d%5b%2fCOLOR%5d%5bCOLOR%20white%5d%5bB%5dports%5b%2fB%5d%5b%2fCOLOR%5d%20%5bCOLOR%20red%5d%5bB%5dC%5b%2fB%5d%5b%2fCOLOR%5d%5bCOLOR%20white%5d%5bB%5dhannels%5b%2fB%5d%5b%2fCOLOR%5d&amp;url=http%3a%2f%2fbit.ly%2fSPORTZZ&quot;,return)</favourite>
   <favourite name="Arrakis Sports" thumb="/storage/.kodi/addons/plugin.video.arrakis/icon.png">ActivateWindow(10025,&quot;plugin://plugin.video.arrakis/?description=No%20information%20available&amp;fanart=%2fstorage%2f.kodi%2faddons%2fplugin.video.arrakis%2ffanart.jpg&amp;iconimage=%2fstorage%2f.kodi%2faddons%2fplugin.video.arrakis%2ficon.png&amp;mode=ArrakiAir&amp;name=Sports%20Channels%20(Jen%20Live%20Team)&amp;url=YXBwcHg3TkVOeFNhcU1rTTV8U3BvcnRzX2NoYW5uZWxzfDcwMHxjaGFubmVsfE5vbmV8a2V5T0hheHNUR3pIVTlFRWg%3d&quot;,return)</favourite>
   <favourite name="Paktv Sports" thumb="https://cdn6.aptoide.com/imgs/e/2/6/e264bd4e1a5c96317282309d231d52cc_icon.png?w=120">ActivateWindow(10025,&quot;plugin://plugin.video.ZemTV-shani/?mode=52&amp;name=Paktv%20sports&amp;url=sss&quot;,return)</favourite>
   <favourite name="Pi Sports" thumb="https://pbs.twimg.com/profile_images/1813457409/pisports_400x400.jpg">ActivateWindow(10025,&quot;plugin://plugin.video.ZemTV-shani/?mode=71&amp;name=Pi%20sports&amp;url=sss&quot;,return)</favourite>
   <favourite name="UKTurk Sports" thumb="http://addoncloud.org/ukturk/UKTurk/thumbs/new/Uk%20turk%20thumbnails%20sports.jpg">ActivateWindow(10025,&quot;plugin://plugin.video.ukturk/?description&amp;fanart=%2fstorage%2f.kodi%2faddons%2fplugin.video.ukturk%2ffanart.jpg&amp;iconimage=http%3a%2f%2faddoncloud.org%2fukturk%2fUKTurk%2fthumbs%2fnew%2fUk%2520turk%2520thumbnails%2520sports.jpg&amp;mode=1&amp;name=Sports&amp;url=http%3a%2f%2faddoncloud.org%2fukturk%2fUKTurk%2fSportsList.txt&quot;,return)</favourite>
</favourites>