<favourites>
    <favourite name="Waar ben ik gebleven?" thumb="special://home/addons/plugin.video.menu/logos/navigatie/trakt.png">ActivateWindow(10025,&quot;plugin://plugin.video.seren/?action=onDeckShows&quot;,return)</favourite>
    <favourite name="Aanbevolen Serrie's" thumb="special://home/addons/plugin.video.menu/logos/navigatie/trakt.png">ActivateWindow(10025,&quot;plugin://plugin.video.seren/?action=showsRecommended&quot;,return)</favourite>
    <favourite name="Mijn Watchlist" thumb="special://home/addons/plugin.video.menu/logos/navigatie/trakt.png">ActivateWindow(10025,&quot;plugin://plugin.video.seren/?action=showsMyWatchlist&quot;,return)</favourite>
    <favourite name="Mijn Collectie" thumb="special://home/addons/plugin.video.menu/logos/navigatie/trakt.png">ActivateWindow(10025,&quot;plugin://plugin.video.seren/?action=showsMyCollection&quot;,return)</favourite>
    <favourite name="Volgende Afleveringen" thumb="special://home/addons/plugin.video.menu/logos/navigatie/trakt.png">ActivateWindow(10025,&quot;plugin://plugin.video.seren/?action=showsNextUp&quot;,return)</favourite>
    <favourite name="Nog niet Voltooide Serrie's" thumb="special://home/addons/plugin.video.menu/logos/navigatie/trakt.png">ActivateWindow(10025,&quot;plugin://plugin.video.seren/?action=showsMyProgress&quot;,return)</favourite>
    <favourite name="Recente Aflevering" thumb="special://home/addons/plugin.video.menu/logos/navigatie/trakt.png">ActivateWindow(10025,&quot;plugin://plugin.video.seren/?action=showsMyRecentEpisodes&quot;,return)</favourite>
    <favourite name="Mijn Lijsten" thumb="special://home/addons/plugin.video.menu/logos/navigatie/trakt.png">ActivateWindow(10025,&quot;plugin://plugin.video.seren/?action=myTraktLists&amp;actionArgs=shows&quot;,return)</favourite>
</favourites>