<?xml version="1.0" encoding="UTF-8" standalone="yes"?>
<addon id="plugin.video.placenta" version="2.1.5" name="Placenta" provider-name="Team Afterbirth">
	<requires>
		<import addon="xbmc.python" version="2.19.0" />
		<import addon="script.module.placenta" />
		<import addon="script.placenta.artwork" version="1.0.0" />
		<import addon="script.placenta.metadata" version="1.0.0" />
		<import addon="script.module.resolveurl" />
		<import addon="script.module.requests" />
		<import addon="script.module.metahandler" version="1.0.0" />
        <import addon="plugin.video.youtube"/>
	</requires>
	<extension point="xbmc.python.pluginsource" library="default.py">
		<provides>video</provides>
	</extension>
	<extension point="xbmc.addon.metadata">
		<summary lang="en">Placenta</summary>
		<description>Covenant Fork from Echo/Colossus era with Team Afterbirth's updates and new code.</description>
		<platform>all</platform>
		<license>Beerware rev. 42</license>
		<assets>
			<icon>icon.png</icon>
			<fanart>fanart.jpg</fanart>
    			<screenshot>resources/screenshots/screenshot-01.jpg</screenshot>
    			<screenshot>resources/screenshots/screenshot-02.jpg</screenshot>
    			<screenshot>resources/screenshots/screenshot-03.jpg</screenshot>
    			<screenshot>resources/screenshots/screenshot-04.jpg</screenshot>
		</assets>
		<news></news>
	</extension>
</addon>
