<favourites>
    <favourite name="Supremacy" thumb="special://home/addons/plugin.video.menu/logos/supremacy.png">ActivateWindow(10025,&quot;plugin://plugin.video.supremacy/&quot;,return)</favourite>
    <favourite name="Yoda" thumb="special://home/addons/plugin.video.Yoda/icon.png">ActivateWindow(10025,&quot;plugin://plugin.video.Yoda/&quot;,return)</favourite>
    <favourite name="Neptune" thumb="special://home/addons/plugin.video.neptune/icon.png">ActivateWindow(10025,&quot;plugin://plugin.video.neptune/&quot;,return)</favourite>
    <favourite name="Incursion" thumb="special://home/addons/plugin.video.incursion/icon.png">ActivateWindow(10025,&quot;plugin://plugin.video.incursion/&quot;,return)</favourite>
    <favourite name="Placenta" thumb="special://home/addons/plugin.video.placenta/icon.png">ActivateWindow(10025,&quot;plugin://plugin.video.placenta/&quot;,return)</favourite>
    <favourite name="Seren" thumb="special://home/addons/plugin.video.seren/icon.png">ActivateWindow(10025,&quot;plugin://plugin.video.seren/&quot;,return)</favourite>
</favourites>