<favourites>
   <favourite name="Covenant Films" thumb="special://home/addons/plugin.video.afkmenu/logos/covenant.png">ActivateWindow(10025,&quot;plugin://plugin.program.super.favourites/?label=Covenant&amp;mode=400&amp;path=special%3A%2F%2Fhome%2Faddons%2Fplugin.video.afkmenu%2Fmenu%5CSuper+Favourites%5Cmappen%5Ccovenant&amp;sf_options=winID%3D10025%26desc%3DFilms+kijken+via+Covenant+Addon%26_options_sf&quot;)</favourite>
   <favourite name="Trakt" thumb="special://home/addons/plugin.video.afkmenu/logos/covenanttrakt.png">ActivateWindow(10025,&quot;plugin://plugin.program.super.favourites/?label=TraktCovenant&amp;mode=400&amp;path=special%3A%2F%2Fhome%2Faddons%2Fplugin.video.afkmenu%2Fmenu%5CSuper+Favourites%5Cmappen%5Ctraktcovenant&amp;sf_options=winID%3D10025%26desc%3DCovenant%26_options_sf&quot;)</favourite>
   <favourite name="Rebirth Films" thumb="special://home/addons/plugin.video.afkmenu/logos/rebirth.png">ActivateWindow(10025,&quot;plugin://plugin.program.super.favourites/?label=Rebirth&amp;mode=400&amp;path=special%3A%2F%2Fhome%2Faddons%2Fplugin.video.afkmenu%2Fmenu%5CSuper+Favourites%5Cmappen%5Crebirth&amp;sf_options=winID%3D10025%26desc%3DFilms+kijken+via+Rebirth+Addon%26_options_sf&quot;)</favourite>
   <favourite name="Trakt" thumb="special://home/addons/plugin.video.afkmenu/logos/rebirthtrakt.png">ActivateWindow(10025,&quot;plugin://plugin.program.super.favourites/?label=Traktrebirth&amp;mode=400&amp;path=special%3A%2F%2Fhome%2Faddons%2Fplugin.video.afkmenu%2Fmenu%5CSuper+Favourites%5Cmappen%5Ctraktrebirth&amp;sf_options=winID%3D10025%26desc%3DRebirth%26_options_sf&quot;)</favourite>
   <favourite name="Exodus Films" thumb="special://home/addons/plugin.video.afkmenu/logos/exodus.png">ActivateWindow(10025,&quot;plugin://plugin.program.super.favourites/?label=Exodus&amp;mode=400&amp;path=special%3A%2F%2Fhome%2Faddons%2Fplugin.video.afkmenu%2Fmenu%5CSuper+Favourites%5Cmappen%5Cexodus&amp;sf_options=winID%3D10025%26desc%3DFilms+kijken+via+Exodus+Addon%26_options_sf&quot;)</favourite>
   <favourite name="Trakt" thumb="special://home/addons/plugin.video.afkmenu/logos/exodustrakt.png">ActivateWindow(10025,&quot;plugin://plugin.program.super.favourites/?label=TraktExodus&amp;mode=400&amp;path=special%3A%2F%2Fhome%2Faddons%2Fplugin.video.afkmenu%2Fmenu%5CSuper+Favourites%5Cmappen%5Ctraktexodus&amp;sf_options=winID%3D10025%26desc%3DExodus%26_options_sf&quot;)</favourite>
   <favourite name="Myriad Films" thumb="special://home/addons/plugin.video.afkmenu/logos/myriad.png">ActivateWindow(10025,&quot;plugin://plugin.program.super.favourites/?label=Myriad&amp;mode=400&amp;path=special%3A%2F%2Fhome%2Faddons%2Fplugin.video.afkmenu%2Fmenu%5CSuper+Favourites%5Cmappen%5Cmyriad&amp;sf_options=winID%3D10025%26desc%3DFilms+kijken+via+Myriad+Addon%26_options_sf&quot;)</favourite>
   <favourite name="Meer Film Addons" thumb="special://home/addons/plugin.video.afkmenu/logos/more.png">ActivateWindow(10025,&quot;plugin://plugin.program.super.favourites/?label=Meer&amp;mode=400&amp;path=special%3A%2F%2Fhome%2Faddons%2Fplugin.video.afkmenu%2Fmenu%5CSuper+Favourites%5Cmappen%5Cmeeraddons&amp;sf_options=&quot;)</favourite>
   <favourite name="HD Collecties" thumb="special://home/addons/plugin.video.afkmenu/logos/hdcollecties.png">ActivateWindow(10025,&quot;plugin://plugin.program.super.favourites/?label=HD-Collectie&amp;mode=400&amp;path=special%3A%2F%2Fhome%2Faddons%2Fplugin.video.afkmenu%2Fmenu%5CSuper+Favourites%5Cmappen%5Chdcollecties&amp;sf_options=winID%3D10025%26desc%3DDiverse+HD+Collecties%26_options_sf&quot;)</favourite>
   <favourite name="3D Films" thumb="special://skin/logos/3D.png">ActivateWindow(10025,&quot;plugin://plugin.program.super.favourites/?label=3D&amp;mode=400&amp;path=special%3A%2F%2Fhome%2Faddons%2Fplugin.video.afkmenu%2Fmenu%5CSuper+Favourites%5Cmappen%5C3d&amp;sf_options=&quot;)</favourite>
</favourites>