<favourites>
	<favourite name="Swift Streamz" thumb="special://skin/extras/icons/tv.png">ActivateWindow(10025,&quot;plugin://plugin.video.atreides/?action=swiftNavigator&amp;sf_options=winID%3D10025%26desc%3DEnkele+NL+en+andere+kanalen%26_options_sf&quot;,return)</favourite>
	<favourite name="TV Tap" thumb="special://skin/extras/icons/tv.png">ActivateWindow(10025,&quot;plugin://plugin.video.atreides/?action=tvtapNavigator&amp;sf_options=winID%3D10025%26desc%3DDiverse+film/kanalen%26_options_sf&quot;,return)</favourite>
    <favourite name="13Clowns TV" thumb="special://skin/extras/icons/tv.png">ActivateWindow(10025,&quot;plugin://plugin.video.13clowns/?action=iptvNavigator&amp;sf_options=winID%3D10025%26desc%3DVeel+kanalen%26_options_sf&quot;,return)</favourite>
    <favourite name="FilmOn" thumb="special://skin/extras/icons/tv.png">ActivateWindow(10025,&quot;plugin://plugin.video.ccloudtv/?iconimage=&amp;mode=20&amp;sf_options=winID%3D10025%26desc%3DDiverse+kanalen%26_options_sf&amp;url=filmon&quot;,return)</favourite>
    <favourite name="Chronos" thumb="special://skin/extras/icons/tv.png">ActivateWindow(10025,&quot;plugin://plugin.video.Gen-X/?fanart&amp;mode=1&amp;url=http%3a%2f%2fwww.skydarks.com%2fchronos%2flivetv.txt&amp;sf_options=winID%3D10025%26desc%3DDiverse+kanalen%26_options_sf&quot;,return)</favourite>
    <favourite name="UKTurk" thumb="special://skin/extras/icons/tv.png">ActivateWindow(10025,&quot;plugin://plugin.video.ukturk/?description&amp;fanart=%2fstorage%2f.kodi%2faddons%2fplugin.video.ukturk%2ffanart.jpg&amp;iconimage=http%3a%2f%2faddoncloud.org%2fukturk%2fUKTurk%2fthumbs%2fnew%2fUk%2520turk%2520thumbnails%2520turkish%2520tv.jpg&amp;mode=1&amp;name=Turkish%20TV&amp;url=http%3a%2f%2faddoncloud.org%2fukturk%2fUKTurk%2fTurkishTV.txt&amp;sf_options=winID%3D10025%26desc%3DTurkse+kanalen%26_options_sf&quot;)</favourite>
    <favourite name="cCloud" thumb="special://skin/extras/icons/tv.png">ActivateWindow(10025,&quot;plugin://plugin.program.super.favourites/?label=ccloud&amp;mode=400&amp;path=special%3A%2F%2Fhome%2Faddons%2Fplugin.video.menu%2Fmenu%5CSuper+Favourites%5Cmappen%5Cccloud&amp;sf_options=winID%3D10025%26desc%3DDiverse+kanalen%26_options_sf&quot;,return)</favourite>
</favourites>