<?xml version="1.0" encoding="UTF-8" standalone="yes"?>
<addon id="plugin.program.afkinstallerX" name="Update Tools" version="2017.0.15" provider-name="ANNE">
  <requires>
    	<import addon="xbmc.python" version="2.1.0"/>
  </requires>
  <extension point="xbmc.python.pluginsource" library="default.py">
        <provides>executable</provides>
  </extension>
  <extension point="xbmc.service" library="service.py" start="startup"/>
  <extension point="xbmc.addon.metadata">
    <summary lang="en">Zatrix Installer</summary>
    <description lang="en">Installeer de build van Zatrix</description>
    <platform>all</platform>
  </extension>
</addon>
