<?xml version="1.0" encoding="UTF-8" standalone="yes"?>
<addon id="resource.wifireboot" name="Wifi Rebooter" version="1.0.0" provider-name="Zatrix">
  <requires>
    <import addon="xbmc.python" version="2.1.0"/>
  </requires>
  <extension point="xbmc.python.pluginsource" library="default.py">
        <provides>executable</provides>
  </extension>
  <extension point="xbmc.service" library="startup.py" start="startup" />
  <extension point="xbmc.addon.metadata">
    <summary lang="en">Wifi Rebooter by Project Zatrix!</summary>
    <description lang="en">DO NOT LAUNCH/RUN FROM MY ADD-ONS (This Will Auto Launch At Startup)</description>
    <platform>all</platform>
  </extension>
</addon>
