<favourites>
    <favourite name="Lijst by Absolution" thumb="special://home/addons/plugin.video.afkmenu/logos/hd.png">ActivateWindow(10025,&quot;plugin://plugin.video.nolecinema/?&amp;mode=get_list&amp;url=http%3a%2f%2fpastebin.com%2fraw%2fjLpx4DsG&quot;)</favourite>
    <favourite name="lijst by Absolution" thumb="special://home/addons/plugin.video.afkmenu/logos/4k.png">ActivateWindow(10025,&quot;plugin://plugin.video.nolecinema/?&amp;mode=get_list&amp;url=http%3a%2f%2fpastebin.com%2fraw%2fH1NpZbjF&quot;)</favourite>
    <favourite name="Lijst by WoW" thumb="special://home/addons/plugin.video.afkmenu/logos/hd.png">ActivateWindow(10025,&quot;plugin://plugin.video.nolecinema/?&amp;mode=get_list&amp;url=http%3a%2f%2fmercuryme.org%2foneclickds%2fnewreleases.xml&quot;)</favourite>
    <favourite name="Lijst by WoW" thumb="special://home/addons/plugin.video.afkmenu/logos/4k.png">ActivateWindow(10025,&quot;plugin://plugin.video.nolecinema/?&amp;mode=get_list&amp;url=http%3a%2f%2fmercuryme.org%2fWOW%2f4K%2f4k.xml&quot;)</favourite>
    <favourite name="Lijst by Magic Dragon" thumb="special://home/addons/plugin.video.afkmenu/logos/hd.png">ActivateWindow(10025,&quot;plugin://plugin.video.nolecinema/?&amp;mode=get_list&amp;url=http%3a%2f%2fraw.githubusercontent.com%2ftombebbs1%2fmagicdragon%2fmaster%2fpopular.txt&quot;)</favourite>
    <favourite name="Lijst by Magic Dragon" thumb="special://home/addons/plugin.video.afkmenu/logos/4k.png">ActivateWindow(10025,&quot;plugin://plugin.video.nolecinema/?&amp;mode=get_list&amp;url=http%3a%2f%2fraw.githubusercontent.com%2ftombebbs1%2fmagicdragon%2fmaster%2fuhd.txt&quot;)</favourite>
    <favourite name="Lijst by Ghost" thumb="special://home/addons/plugin.video.afkmenu/logos/hd.png">ActivateWindow(10025,&quot;plugin://plugin.video.nolecinema/?&amp;mode=get_list&amp;url=http%3a%2f%2fwww.ezzer-mac.com%2ffrank%2fghost%2fghostxmls%2fxmls1%2fprofessor1.xml&quot;)</favourite>
    <favourite name="Lijst by Ghost" thumb="special://home/addons/plugin.video.afkmenu/logos/4k.png">ActivateWindow(10025,&quot;plugin://plugin.video.nolecinema/?&amp;mode=get_list&amp;url=http%3a%2f%2fwww.ezzer-mac.com%2ffrank%2fghost%2fghostxmls%2fxmls1%2ffuckoffrd.xml&quot;)</favourite>
</favourites>