{
  "channels": [
    {
      "guid": "887F773F-E4E5-4E80-AD7D-65F627D1CA44",
      "name": "iTunes Movie Trailers",
      "description": {
        "en": "iTunes Movie Trailers: View the latest movie trailers for many current and upcoming releases.",
        "nl": "iTunes Movie Trailers: Bekijk de nieuwse film trailers van huidige en toekomstige films"
      },
      "icon": "amtlarge.png",
      "category": "Video",
      "channelcode": null,
      "fanart": "applemovietrailersfanart.jpg"
    }
  ]
}