<favourites>
    <favourite name="Waar ben ik gebleven?" thumb="special://home/addons/plugin.video.menu/logos/navigatie/trakt.png">ActivateWindow(10025,&quot;plugin://plugin.video.seren/?action=onDeckMovies&quot;,return)</favourite>
    <favourite name="Aanbevolen Films" thumb="special://home/addons/plugin.video.menu/logos/navigatie/trakt.png">ActivateWindow(10025,&quot;plugin://plugin.video.seren/?action=moviesRecommended&quot;,return)</favourite>
    <favourite name="Mijn Watchlist" thumb="special://home/addons/plugin.video.menu/logos/navigatie/trakt.png">ActivateWindow(10025,&quot;plugin://plugin.video.seren/?action=moviesMyWatchlist&quot;,return)</favourite>
    <favourite name="Mijn Collectie" thumb="special://home/addons/plugin.video.menu/logos/navigatie/trakt.png">ActivateWindow(10025,&quot;plugin://plugin.video.seren/?action=moviesMyCollection&quot;,return)</favourite>
    <favourite name="Mijn Lijsten" thumb="special://home/addons/plugin.video.menu/logos/navigatie/trakt.png">ActivateWindow(10025,&quot;plugin://plugin.video.seren/?action=myTraktLists&amp;actionArgs=movies&quot;,return)</favourite>
</favourites>