<favourites>
	<favourite name="Laatste HD Releases" thumb="special://home/addons/plugin.video.afkmenu/logos/navigatie/in-theaters.png">ActivateWindow(10025,&quot;plugin://plugin.video.myriad_gw/?description&amp;episode&amp;iconimage=%2fstorage%2f.kodi%2faddons%2fplugin.video.myriad_gw%2fresources%2ficons%2fm_lathd.jpg&amp;mode=61&amp;name=%5bB%5d%5bCOLOR%20white%5dLatest%20HD%5b%2fCOLOR%5d%5b%2fB%5d&amp;season&amp;title&amp;url=http%3a%2f%2fbuka.link%2fbrowse.php%3fu%3dhttp%3a%2f%2f5movies.to%2flatest-hd%2f&amp;year&quot;,return)</favourite>
    <favourite name="Zoeken" thumb="special://home/addons/plugin.video.afkmenu/logos/navigatie/search.png">ActivateWindow(10025,&quot;plugin://plugin.video.myriad_gw/?description&amp;episode&amp;iconimage=%2fstorage%2f.kodi%2faddons%2fplugin.video.myriad_gw%2fresources%2ficons%2fsearch_mov.jpg&amp;mode=8&amp;name=%5bB%5d%5bCOLOR%20white%5dMovie%20Search%5b%2fCOLOR%5d%5b%2fB%5d&amp;season&amp;title&amp;url=url&amp;year&quot;,return)</favourite>
    <favourite name="Populair" thumb="special://home/addons/plugin.video.afkmenu/logos/navigatie/featured.png">ActivateWindow(10025,&quot;plugin://plugin.video.myriad_gw/?description&amp;episode&amp;iconimage=%2fstorage%2f.kodi%2faddons%2fplugin.video.myriad_gw%2fresources%2ficons%2fm_mpop.jpg&amp;mode=61&amp;name=%5bB%5d%5bCOLOR%20white%5dMost%20Popular%5b%2fCOLOR%5d%5b%2fB%5d&amp;season&amp;title&amp;url=http%3a%2f%2fbuka.link%2fbrowse.php%3fu%3dhttp%3a%2f%2f5movies.to%2fmost-popular%2f&amp;year&quot;,return)</favourite>
    <favourite name="Zoeken op Genres" thumb="special://home/addons/plugin.video.afkmenu/logos/navigatie/genres.png">ActivateWindow(10025,&quot;plugin://plugin.video.myriad_gw/?description&amp;episode&amp;iconimage=%2fstorage%2f.kodi%2faddons%2fplugin.video.myriad_gw%2fresources%2ficons%2fm_gen.jpg&amp;mode=65&amp;name=%5bB%5d%5bCOLOR%20white%5dGenres%5b%2fCOLOR%5d%5b%2fB%5d&amp;season&amp;title&amp;url=url&amp;year&quot;,return)</favourite>
    <favourite name="IMDB Top 250" thumb="special://home/addons/plugin.video.afkmenu/logos/navigatie/imdb.png">ActivateWindow(10025,&quot;plugin://plugin.video.myriad_gw/?description&amp;episode&amp;iconimage=%2fstorage%2f.kodi%2faddons%2fplugin.video.myriad_gw%2fresources%2ficons%2ftop250.jpg&amp;mode=5&amp;name=%5bB%5d%5bCOLOR%20white%5dIMDB%20Top%20250%5b%2fCOLOR%5d%5b%2fB%5d&amp;season&amp;title&amp;url=http%3a%2f%2fakas.imdb.com%2fsearch%2ftitle%3fhas%3dtechnical%26moviemeter%3d%2c200000%26num_votes%3d200%2c%26production_status%3dreleased%26title_type%3dfeature%2ctv_movie%26groups%3dtop_250%26sort%3duser_rating%2cdesc&amp;year&quot;,return)</favourite>
    <favourite name="Meeste Stemmen" thumb="special://home/addons/plugin.video.afkmenu/logos/navigatie/most-voted.png">ActivateWindow(10025,&quot;plugin://plugin.video.myriad_gw/?description&amp;episode&amp;iconimage=%2fstorage%2f.kodi%2faddons%2fplugin.video.myriad_gw%2fresources%2ficons%2fm_rated.jpg&amp;mode=61&amp;name=%5bB%5d%5bCOLOR%20white%5dTop%20Rated%5b%2fCOLOR%5d%5b%2fB%5d&amp;season&amp;title&amp;url=http%3a%2f%2fbuka.link%2fbrowse.php%3fu%3dhttp%3a%2f%2f5movies.to%2ftop-rated%2f&amp;year&quot;,return)</favourite>
    <favourite name="Oscar Winnaars" thumb="special://home/addons/plugin.video.afkmenu/logos/navigatie/oscar-winners.png">ActivateWindow(10025,&quot;plugin://plugin.video.myriad_gw/?description&amp;episode&amp;iconimage=%2fstorage%2f.kodi%2faddons%2fplugin.video.myriad_gw%2fresources%2ficons%2foscar.jpg&amp;mode=5&amp;name=%5bB%5d%5bCOLOR%20white%5dIMDB%20Oscar%20Winners%5b%2fCOLOR%5d%5b%2fB%5d&amp;season&amp;title&amp;url=http%3a%2f%2fakas.imdb.com%2fsearch%2ftitle%3fgroups%3doscar_winners%26languages%3den%26view%3dadvanced&amp;year&quot;,return)</favourite>
    <favourite name="Laatste Toegevoegde Films" thumb="special://home/addons/plugin.video.afkmenu/logos/navigatie/people-search.png">ActivateWindow(10025,&quot;plugin://plugin.video.myriad_gw/?description&amp;episode&amp;iconimage=%2fstorage%2f.kodi%2faddons%2fplugin.video.myriad_gw%2fresources%2ficons%2fm_nrel.jpg&amp;mode=61&amp;name=%5bB%5d%5bCOLOR%20white%5dNew%20Releases%5b%2fCOLOR%5d%5b%2fB%5d&amp;season&amp;title&amp;url=http%3a%2f%2fbuka.link%2fbrowse.php%3fu%3dhttp%3a%2f%2f5movies.to%2fnew-release%2f&amp;year&amp;sf_options=winID%3D10025%26desc%3DHD+/+SD+/+CAM%26_options_sf&quot;,return)</favourite>
</favourites>