<favourites>
	<favourite name="Populair" thumb="special://home/addons/plugin.video.menu/logos/navigatie/rocket.png">ActivateWindow(10025,&quot;plugin://plugin.video.venom/?action=movies&amp;url=trakttrending&quot;,return)</favourite>
    <favourite name="Zoeken" thumb="special://home/addons/plugin.video.menu/logos/navigatie/search.png">ActivateWindow(10025,&quot;plugin://plugin.video.venom/?action=movieSearch&quot;,return)</favourite>
    <favourite name="Meest Opgebracht" thumb="special://home/addons/plugin.video.menu/logos/navigatie/coins.png">ActivateWindow(10025,&quot;plugin://plugin.video.venom/?action=movies&amp;url=traktboxoffice&quot;,return)</favourite>
    <favourite name="Zoeken op Genres" thumb="special://home/addons/plugin.video.menu/logos/navigatie/search.png">ActivateWindow(10025,&quot;plugin://plugin.video.venom/?action=movieGenres&quot;,return)</favourite>
    <favourite name="Oscar Winnaars" thumb="special://home/addons/plugin.video.menu/logos/navigatie/top100.png">ActivateWindow(10025,&quot;plugin://plugin.video.venom/?action=movies&amp;url=oscars&quot;,return)</favourite>
    <favourite name="Zoeken op Jaartal" thumb="special://home/addons/plugin.video.menu/logos/navigatie/search.png">ActivateWindow(10025,&quot;plugin://plugin.video.venom/?action=movieYears&quot;,return)</favourite>
    <favourite name="Meest Bekeken" thumb="special://home/addons/plugin.video.menu/logos/navigatie/eye.png">ActivateWindow(10025,&quot;plugin://plugin.video.venom/?action=movies&amp;url=mostpopular&quot;,return)</favourite>
    <favourite name="Zoeken op Taal" thumb="special://home/addons/plugin.video.menu/logos/navigatie/search.png">ActivateWindow(10025,&quot;plugin://plugin.video.venom/?action=movieLanguages&quot;,return)</favourite>
    <favourite name="Kijkwijzer" thumb="special://home/addons/plugin.video.menu/logos/navigatie/livetv.png">ActivateWindow(10025,&quot;plugin://plugin.video.venom/?action=movieCertificates&quot;,return)</favourite>
    <favourite name="Zoeken naar Acteurs" thumb="special://home/addons/plugin.video.menu/logos/navigatie/search.png">ActivateWindow(10025,&quot;plugin://plugin.video.venom/?action=moviePerson&quot;,return)</favourite>
    <favourite name="Mijn Film Lijsten (TRAKT)" thumb="special://home/addons/plugin.video.menu/logos/navigatie/trakttv.png">ActivateWindow(10025,&quot;plugin://plugin.video.venom/?action=mymovieliteNavigator&quot;,return)</favourite>
    <favourite name="Trakt Koppelen met Yoda" thumb="special://home/addons/plugin.video.menu/logos/navigatie/trakttv.png">RunPlugin(plugin://plugin.video.venom/?action=authTrakt&opensettings=tru&query=7.2)</favourite>
</favourites>