<favourites>
	<favourite name="Populair" thumb="special://home/addons/script.exodus.artwork/resources/media/exodus/featured.png">ActivateWindow(10025,&quot;plugin://plugin.video.salts/?mode=played&amp;period=monthly&amp;section=Movies&quot;)</favourite>
    <favourite name="Zoeken" thumb="special://home/addons/script.exodus.artwork/resources/media/exodus/search.png">ActivateWindow(10025,&quot;plugin://plugin.video.salts/?mode=search&amp;section=Movies&quot;)</favourite>
    <favourite name="Nieuwe Films" thumb="special://home/addons/script.exodus.artwork/resources/media/exodus/new-tvshows.png">ActivateWindow(10025,&quot;plugin://plugin.video.salts/?mode=trending&amp;section=Movies&quot;)</favourite>
    <favourite name="Recente gezocht" thumb="special://home/addons/script.exodus.artwork/resources/media/exodus/downloads.png">ActivateWindow(10025,&quot;plugin://plugin.video.salts/?mode=recent_search&amp;section=Movies&quot;)</favourite>
    <favourite name="Meest Bekeken" thumb="special://home/addons/script.exodus.artwork/resources/media/exodus/most-voted.png">ActivateWindow(10025,&quot;plugin://plugin.video.salts/?mode=popular&amp;section=Movies&quot;)</favourite>
    <favourite name="Bewaarde zoektermen" thumb="special://home/addons/script.exodus.artwork/resources/media/exodus/userlists.png">ActivateWindow(10025,&quot;plugin://plugin.video.salts/?mode=saved_searches&amp;section=Movies&quot;)</favourite>
    <favourite name="Meest Bekeken Deze Maand" thumb="special://home/addons/script.exodus.artwork/resources/media/exodus/people-watching.png">ActivateWindow(10025,&quot;plugin://plugin.video.salts/?mode=played&amp;period=all&amp;section=Movies&quot;)</favourite>
    <favourite name="Zoeken op Genres" thumb="special://home/addons/script.exodus.artwork/resources/media/exodus/genres.png">ActivateWindow(10025,&quot;plugin://plugin.video.salts/?mode=genres&amp;section=Movies&quot;)</favourite>
</favourites>