<favourites>
	<favourite name="GOTO Sports" thumb=">http://www.logotypes101.com/logos/997/AD71A2CC84DD8DDE7932F9BC585926E1/Sports.png">ActivateWindow(10025,&quot;plugin://plugin.video.nolecinema/?mode=get_list&amp;url=http%3a%2f%2fmygoto.uk%2f1Xmls%2f1MainMenuXmls%2f1SportXmls%2f1InternationalSports%2finternationalsports.xml&quot;,return)</favourite>
	<favourite name="SportsBay" thumb="/storage/.kodi/addons/plugin.video.PLsportowo/resources/logosb.png">ActivateWindow(10025,&quot;plugin://plugin.video.PLsportowo/?&amp;mode=getsportsbay&amp;title=SportsBay&amp;url=http%3a%2f%2fstrims.world&amp;sf_options=winID%3D10025%26desc%3DVoetbal+|+F1+|+NFL+|+Basketball+|+Meer..%26_options_sf&quot;,return)</favourite>
    <favourite name="The Crew Sports" thumb="https://www.wirelesshack.org/wp-content/uploads/2020/03/How-To-Install-The-Crew-Kodi-Addon.jpg">ActivateWindow(10025,&quot;plugin://plugin.video.thecrew/?action=bluehat&amp;sf_options=winID%3D10025%26desc%3DAll+Sports..%26_options_sf&quot;,return)</favourite>
	<favourite name="LiveSport-WS" thumb="/storage/.kodi/addons/plugin.video.PLsportowo/resources/logoc.png">ActivateWindow(10025,&quot;plugin://plugin.video.PLsportowo/?&amp;mode=livesportws&amp;title=LiveSport.ws&amp;url=http%3a%2f%2fstrims.world&amp;sf_options=winID%3D10025%26desc%3DVoetbal+|+F1+|+Darts+|+Meer..%26_options_sf&quot;,return)</favourite>
	<favourite name="Rising Tides Live" thumb="http://mullafabz.xyz/HOST/Icons/live_football_logo.jpg">ActivateWindow(10025,&quot;plugin://plugin.video.Rising.Tides/?fanart=http%3a%2f%2fmullafabz.xyz%2fHOST%2fIcons%2fmatchdays.jpg&amp;iconimage=http%3a%2f%2fmullafabz.xyz%2fHOST%2fIcons%2flive_football_logo.jpg&amp;mode=1&amp;name=%5bCOLOR%20pink%5d%5bB%5dL%5b%2fB%5d%5b%2fCOLOR%5d%5bCOLOR%20white%5d%5bB%5dive%5b%2fB%5d%5b%2fCOLOR%5d%20%5bCOLOR%20red%5d%5bB%5dF%5b%2fB%5d%5b%2fCOLOR%5d%5bCOLOR%20white%5d%5bB%5dootball%5b%2fB%5d%5b%2fCOLOR%5d&amp;url=http%3a%2f%2fbit.ly%2fFOOTYSTRMZ&amp;sf_options=winID%3D10025%26desc%3DVoetbal..%26_options_sf&quot;,return)</favourite>
    <favourite name="RojaDirecta" thumb="special://home/addons/plugin.video.SportsDevil/resources/images/roja.jpg">ActivateWindow(10025,&quot;plugin://plugin.video.SportsDevil/?item=title%3dRojaDirecta.me%26url%3dlivesports%252Frojadirecta.me.cfg%26definedIn%3dlivesports.cfg%26director%3dRojaDirecta.me%26genre%3dLive%2bSports%26type%3drss%26icon%3d%252Fstorage%252F.kodi%252Faddons%252Fplugin.video.SportsDevil%252Fresources%252Fimages%252Froja.jpg&amp;mode=1&quot;,return)</favourite>
    <favourite name="Sportowa TV" thumb="/storage/.kodi/addons/plugin.video.PLsportowo/icon.png">ActivateWindow(10025,&quot;plugin://plugin.video.PLsportowo/&amp;sf_options=desc%3DAanbod+van+allerlei+verschillende+sportstreams.%26_options_sf&quot;)</favourite>
	<favourite name="Kanalen IPTV" thumb="special://home/addons/plugin.video.menu/logos/navigatie/antenna.png">ActivateWindow(10025,&quot;plugin://plugin.program.super.favourites/?label=sportchannels&amp;mode=400&amp;path=special%3A%2F%2Fhome%2Faddons%2Fplugin.video.menu%2Fmenu%5CSuper+Favourites%5Cmappen%5Csportchannels&amp;sf_options=winID%3D10025%26desc%3DLet+op+IPTV+kan+soms+niet+werken+of+bufferen..%26_options_sf&quot;,return)</favourite>
    <favourite name=">> INSTALL SPORT-REPO <<" thumb="special://skin/logos/sports.jpg">ActivateWindow(10025,&quot;plugin://plugin.video.sportrepo/&amp;sf_options=winID%3D10025%26desc%3DMust+have+als+je+sport+addons+wilt+installeren%26_options_sf&quot;,return)</favourite>
</favourites>