<?xml version="1.0" encoding="UTF-8"?>
<addon id="plugin.program.indigo" version="99.9.9"
       name="Notifications" provider-name="ANNE">
  <requires>
  	<import addon="xbmc.python" version="2.1.0"/>
  	<import addon="script.module.addon.common" optional="true" />
  </requires>
  <extension point="xbmc.python.script" library="default.py">
    <provides>executable</provides>
  	<summary>TVADDONS INDIGO REMOVER</summary>
  	<description>Removes unwanted indigo addon. Unsubscribe within Add-on Settings.</description>
  	<disclaimer>We take no responsibility for any problems this plugin might in any way, form, shape or size cause.</disclaimer>
  	<language>en</language>
  	<platform>all</platform>
  	<source></source>
  	<email></email>
  </extension>
</addon>
