<favourites>
	<favourite name="Aanbevolen" thumb="special://home/addons/plugin.video.afkmenu/logos/navigatie/highly-rated.png">ActivateWindow(10025,&quot;plugin://plugin.video.rebirth/?action=tvshows&amp;url=trending&quot;,return)</favourite>
    <favourite name="Zoeken" thumb="special://home/addons/plugin.video.afkmenu/logos/navigatie/search.png">ActivateWindow(10025,&quot;plugin://plugin.video.rebirth/?action=tvSearch&quot;,return)</favourite>
    <favourite name="Populair" thumb="special://home/addons/plugin.video.afkmenu/logos/navigatie/most-popular.png">ActivateWindow(10025,&quot;plugin://plugin.video.rebirth/?action=tvshows&amp;url=popular&quot;,return)</favourite>
    <favourite name="Zoeken op Genres" thumb="special://home/addons/plugin.video.afkmenu/logos/navigatie/genres.png">ActivateWindow(10025,&quot;plugin://plugin.video.rebirth/?action=tvGenres&quot;,return)</favourite>
    <favourite name="Hoogste Kijkcijfers" thumb="special://home/addons/plugin.video.afkmenu/logos/navigatie/featured.png">ActivateWindow(10025,&quot;plugin://plugin.video.rebirth/?action=tvshows&amp;url=rating&quot;,return)</favourite>
    <favourite name="Zoek Acteurs" thumb="special://home/addons/plugin.video.afkmenu/logos/navigatie/people-search.png">ActivateWindow(10025,&quot;plugin://plugin.video.rebirth/?action=tvPerson&quot;,return)</favourite>
    <favourite name="Meest Bekeken" thumb="special://home/addons/plugin.video.afkmenu/logos/navigatie/people-watching.png">ActivateWindow(10025,&quot;plugin://plugin.video.rebirth/?action=tvshows&amp;url=views&quot;,return)</favourite>
    <favourite name="Kalender" thumb="special://home/addons/plugin.video.afkmenu/logos/navigatie/calendar.png">ActivateWindow(10025,&quot;plugin://plugin.video.rebirth/?action=calendars&quot;,return)</favourite>
    <favourite name="Nieuwe Series" thumb="special://home/addons/plugin.video.afkmenu/logos/navigatie/new-tvshows.png">ActivateWindow(10025,&quot;plugin://plugin.video.rebirth/?action=tvshows&amp;url=premiere&quot;,return)</favourite>
    <favourite name="Kijkwijzer" thumb="special://home/addons/plugin.video.afkmenu/logos/navigatie/certificates.png">ActivateWindow(10025,&quot;plugin://plugin.video.rebirth/?action=tvCertificates&quot;,return)</favourite>
    <favourite name="Mijn Lijsten - TRAKT" thumb="special://home/addons/plugin.video.afkmenu/logos/navigatie/trakt.png">ActivateWindow(10025,&quot;plugin://plugin.program.super.favourites/?label=Traktrebirthtv&amp;mode=400&amp;path=special%3A%2F%2Fhome%2Faddons%2Fplugin.video.afkmenu%2Fmenu%5CSuper+Favourites%5Cmappen%5Ctraktrebirthtv&amp;sf_options=winID%3D10025%26desc%3DHou+bij+wat+je+kijkt+met+trakt.tv%26_options_sf&quot;)</favourite>
</favourites>