{
  "id": "channel.videos",
  "version": "5.0.0",
  "textures": {
    "channel.videos.amt/applemovietrailersfanart.jpg": "881038572b21f04891d34fbff4e0f31d",
    "channel.videos.amt/applemovietrailersfanart2.jpg": "d4faa4401fdee5b84c20e0299486b0dc",
    "channel.videos.dumpert/dumpertfanart.jpg": "dc9f928a30cf855d960db7659ddf7108",
    "channel.videos.eredivisie/eredivisieimage.jpg": "8570578adbebd22118014ea4c2ea72f5",
    "channel.videos.eredivisie/eredivisielivefanart.jpg": "c5077d558d50e18d6661cfad78f45ba7",
    "channel.videos.eredivisie/eredivisielivefanart2.jpg": "bca92207284dd3b843c584b6800ff11f",
    "channel.videos.eredivisie/foxsportfanart.jpg": "664e7a3d672e4c6cdcc19402a2d2619f",
    "channel.videos.extreme/extremefanart.jpg": "e890567623640cba73d41e1e98c3e3a7",
    "channel.videos.hardwareinfo/hardwareinfofanart.jpg": "9057486d45b664e787951992014ad673",
    "channel.videos.pathenl/pathefanart.jpg": "84b46ebb90fce3e0c01cfd39cee5d649",
    "channel.videos.twit/twitfanart.jpg": "bb8502fbf668d954a8068f7617de0a92",
    "channel.videos.amt/amtimage.png": "56f05c4ac604ab5a397a05e97a417526",
    "channel.videos.amt/amtlarge.png": "2f90b81c42e51efc51b12a76f7d8b2a1",
    "channel.videos.channel9/channel9fanart.png": "787ba28ff9bdcc30f3aeb5608a57469e",
    "channel.videos.channel9/channel9image.png": "e17e62d9fcf65c9e214716ad3aa9d716",
    "channel.videos.channel9/channel9large.png": "7960631f0cd5a462a5fc49d8ef30b9dc",
    "channel.videos.dumpert/dumperticonlarge.png": "a23ae273ee7017a7671dd7891d9ee25e",
    "channel.videos.dumpert/dumpertimage.png": "c30251d6ac264f7ab387b43ed1ec288b",
    "channel.videos.eredivisie/eredivisieimage.png": "27feb8072164836d8cb456674f0b5e84",
    "channel.videos.eredivisie/eredivisielarge.png": "a06423accbbc7f27cf47ab58a8bcd785",
    "channel.videos.eredivisie/foxsportlarge.png": "7fe48c57543ad1176c898dfc7c42e55a",
    "channel.videos.extreme/extremeimage.png": "7355562d4df93e8f3c29594fb1e67bb2",
    "channel.videos.extreme/extremelarge.png": "e865b410ee63f14b3fe70cd77abe8e52",
    "channel.videos.hardwareinfo/hardwareinfoimage.png": "1ba8392c4d72c5606bcd81ffa2fcc63d",
    "channel.videos.hardwareinfo/hardwareinfolarge.png": "cdf1a119f1c5c44b2b3c4210bfa6e095",
    "channel.videos.pathenl/patheimage.png": "a371da4e972b3144975271ecb8a0db02",
    "channel.videos.pathenl/pathelarge.png": "7f568cbd9dc1d0d86799f7e3c85ea5eb",
    "channel.videos.twit/twitimage.png": "ae15e53675b576ff12ba5ea71e5b1927",
    "channel.videos.twit/twitlarge.png": "3e0c5534f845004f141f7ebcd84d7176"
  }
}