<favourites>
   <favourite name="Covenant Series" thumb="special://home/addons/plugin.video.afkmenu/logos/covenant.png">ActivateWindow(10025,&quot;plugin://plugin.program.super.favourites/?label=Covenant&amp;mode=400&amp;path=special%3A%2F%2Fhome%2Faddons%2Fplugin.video.afkmenu%2Fmenu%5CSuper+Favourites%5Cmappen%5Ccovenanttv&amp;sf_options=winID%3D10025%26desc%3DSeries+kijken+via+Covenant+Addon%26_options_sf&quot;)</favourite>
   <favourite name="Trakt" thumb="special://home/addons/plugin.video.afkmenu/logos/covenanttrakt.png">ActivateWindow(10025,&quot;plugin://plugin.program.super.favourites/?label=TraktCovenant&amp;mode=400&amp;path=special%3A%2F%2Fhome%2Faddons%2Fplugin.video.afkmenu%2Fmenu%5CSuper+Favourites%5Cmappen%5Ctraktcovenanttv&amp;sf_options=winID%3D10025%26desc%3DCovenant%26_options_sf&quot;)</favourite>
   <favourite name="Rebirth Series" thumb="special://home/addons/plugin.video.afkmenu/logos/rebirth.png">ActivateWindow(10025,&quot;plugin://plugin.program.super.favourites/?label=Rebirth&amp;mode=400&amp;path=special%3A%2F%2Fhome%2Faddons%2Fplugin.video.afkmenu%2Fmenu%5CSuper+Favourites%5Cmappen%5Crebirthtv&amp;sf_options=winID%3D10025%26desc%3DSeries+kijken+via+Rebirth+Addon%26_options_sf&quot;)</favourite>
   <favourite name="Trakt" thumb="special://home/addons/plugin.video.afkmenu/logos/rebirthtrakt.png">ActivateWindow(10025,&quot;plugin://plugin.program.super.favourites/?label=Traktrebirth&amp;mode=400&amp;path=special%3A%2F%2Fhome%2Faddons%2Fplugin.video.afkmenu%2Fmenu%5CSuper+Favourites%5Cmappen%5Ctraktrebirthtv&amp;sf_options=winID%3D10025%26desc%3DRebirth%26_options_sf&quot;)</favourite>
   <favourite name="Exodus Series" thumb="special://home/addons/plugin.video.afkmenu/logos/exodus.png">ActivateWindow(10025,&quot;plugin://plugin.program.super.favourites/?label=Exodus&amp;mode=400&amp;path=special%3A%2F%2Fhome%2Faddons%2Fplugin.video.afkmenu%2Fmenu%5CSuper+Favourites%5Cmappen%5Cexodustv&amp;sf_options=winID%3D10025%26desc%3DSeries+kijken+via+Exodus+Addon%26_options_sf&quot;)</favourite>
   <favourite name="Trakt" thumb="special://home/addons/plugin.video.afkmenu/logos/exodustrakt.png">ActivateWindow(10025,&quot;plugin://plugin.program.super.favourites/?label=TraktExodus&amp;mode=400&amp;path=special%3A%2F%2Fhome%2Faddons%2Fplugin.video.afkmenu%2Fmenu%5CSuper+Favourites%5Cmappen%5Ctraktexodustv&amp;sf_options=winID%3D10025%26desc%3DExodus%26_options_sf&quot;)</favourite>
   <favourite name="Myriad Series" thumb="special://home/addons/plugin.video.afkmenu/logos/myriad.png">ActivateWindow(10025,&quot;plugin://plugin.program.super.favourites/?label=Myriad&amp;mode=400&amp;path=special%3A%2F%2Fhome%2Faddons%2Fplugin.video.afkmenu%2Fmenu%5CSuper+Favourites%5Cmappen%5Cmyriadtv&amp;sf_options=winID%3D10025%26desc%3DSeries+kijken+via+Myriad+Addon%26_options_sf&quot;)</favourite>
   <favourite name="Meer Serie Addons" thumb="special://home/addons/plugin.video.afkmenu/logos/more.png">ActivateWindow(10025,&quot;plugin://plugin.program.super.favourites/?label=Meer&amp;mode=400&amp;path=special%3A%2F%2Fhome%2Faddons%2Fplugin.video.afkmenu%2Fmenu%5CSuper+Favourites%5Cmappen%5Cmeeraddons&amp;sf_options=&quot;)</favourite>
   <favourite name="Serie Lijsten" thumb="special://home/addons/plugin.video.afkmenu/logos/more.png">ActivateWindow(10025,&quot;plugin://plugin.program.super.favourites/?label=Lijsten&amp;mode=400&amp;path=special%3A%2F%2Fhome%2Faddons%2Fplugin.video.afkmenu%2Fmenu%5CSuper+Favourites%5Cmappen%5Cboxsets&amp;sf_options=&quot;)</favourite>
</favourites>