<?xml version="1.0" encoding="UTF-8" standalone="yes"?>
<addon id="repository.tknorris.beta" name="tknorris Beta Testing Repository" version="1.0.5" provider-name="tknorris">
    <extension point="xbmc.addon.repository" name="tknorris beta testing repository">
    </extension>
    <extension point="xbmc.addon.metadata">
        <summary>This is used ONLY for beta testing</summary>
        <description>Beta testing only!!!
DO NOT INSTALL UNLESS YOU WISH TO PARTICIPATE IN BETA TESTING

Addons Included
    - 1Channel (Beta)
    - 1Channel Thempak
    - SALTS (Beta)
    - SALTS Themepak
    - Trakt (Beta)
    - Trakt List Manager (Alpha)
        </description>
        <platform>all</platform>
    </extension>
</addon>

