<favourites>
	<favourite name="Gen-X 24/7" thumb="/storage/.kodi/addons/plugin.video.dubbedanime/icon.png">ActivateWindow(10025,&quot;plugin://plugin.video.Gen-X/?fanart=&amp;mode=1&amp;url=https%3a%2f%2fpastebin.com%2fraw%2f5WPapU43&quot;,return)</favourite>
    <favourite name="Devestation 24/7" thumb="/storage/.kodi/addons/plugin.video.watchnixtoons/icon.png">ActivateWindow(10025,&quot;plugin://plugin.video.Aspis/?description=&amp;mode=get_shows2&amp;name=24%2f7%20TV%20Shows&amp;url=shows&quot;,return)</favourite>
    <favourite name="Aspis 24/7" thumb="/storage/.kodi/addons/plugin.video.9anime.cypher/icon.png">ActivateWindow(10025,&quot;plugin://plugin.video.Aspis/?description=&amp;mode=get_list&amp;url=http%3a%2f%2fstephen-builds.uk%2fsupremacy%2520new%2f247%2f247%2520Tv%2520Shows.xml&quot;,return)</favourite>
    <favourite name="Verschillende Anime websites" thumb="special://home/addons/plugin.video.cartooncrazy/icon.png">ActivateWindow(10025,&quot;plugin://plugin.video.chronos/?fanart=&amp;mode=405&amp;name=%5bCOLOR%20blue%5d24%2f7%5b%2fCOLOR%5d&amp;url&quot;,return)</favourite>
</favourites>