<favourites>
	<favourite name="Populair" thumb="special://home/addons/plugin.video.menu/logos/navigatie/rocket.png">ActivateWindow(10025,&quot;plugin://plugin.video.neptune/?action=movies&amp;url=trending&quot;,return)</favourite>
    <favourite name="Zoeken" thumb="special://home/addons/plugin.video.menu/logos/navigatie/search.png">ActivateWindow(10025,&quot;plugin://plugin.video.neptune/?action=movieSearch&quot;,return)</favourite>
    <favourite name="Meest Opgebracht" thumb="special://home/addons/plugin.video.menu/logos/navigatie/coins.png">ActivateWindow(10025,&quot;plugin://plugin.video.neptune/?action=movies&amp;url=boxoffice2&quot;,return)</favourite>
    <favourite name="Zoeken op Genres" thumb="special://home/addons/plugin.video.menu/logos/navigatie/search.png">ActivateWindow(10025,&quot;plugin://plugin.video.neptune/?action=movieGenres&quot;,return)</favourite>
    <favourite name="Oscar Winnaars" thumb="special://home/addons/plugin.video.menu/logos/navigatie/top100.png">ActivateWindow(10025,&quot;plugin://plugin.video.neptune/?action=movies&amp;url=oscars&quot;,return)</favourite>
    <favourite name="Zoeken op Jaartal" thumb="special://home/addons/plugin.video.menu/logos/navigatie/search.png">ActivateWindow(10025,&quot;plugin://plugin.video.neptune/?action=movieYears&quot;,return)</favourite>
    <favourite name="Meest Bekeken" thumb="special://home/addons/plugin.video.menu/logos/navigatie/eye.png">ActivateWindow(10025,&quot;plugin://plugin.video.neptune/?action=movies&amp;url=watched2&quot;,return)</favourite>
    <favourite name="Zoek Acteurs" thumb="special://home/addons/plugin.video.menu/logos/navigatie/search.png">ActivateWindow(10025,&quot;plugin://plugin.video.neptune/?action=moviePersons&quot;,return)</favourite>
    <favourite name="">noop</favourite>
    <favourite name="">noop</favourite>
    <favourite name="Mijn Film lijsten (TRAKT)" thumb="special://home/addons/plugin.video.menu/logos/navigatie/trakttv.png">ActivateWindow(10025,&quot;plugin://plugin.video.neptune/?action=mymovieNavigator&quot;,return)</favourite>
    <favourite name="Trakt Koppelen met Rebirth" thumb="special://home/addons/plugin.video.menu/logos/navigatie/trakttv.png">RunPlugin(plugin://plugin.video.neptune/?action=authTrakt)</favourite>
</favourites>