<?xml version="1.0" encoding="UTF-8" standalone="yes"?>
<addon id="plugin.video.seren" version="0.2.35" name="Seren" provider-name="Nixgates">
	<requires>
		<import addon="xbmc.python" version="2.19.0" />
		<import addon="script.module.requests" version="2.19.1" />
		<import addon="script.module.beautifulsoup4" version="4.5.3"/>
		<import addon="script.module.metahandler" version="1.0.0" />
		<import addon="plugin.video.youtube" version="6.2.0"/>
		<import addon="script.module.addon.signals" version="0.0.1"/>
		<import addon="script.module.dateutil" version="2.7.3"/>
	</requires>
	<extension point="xbmc.python.pluginsource" library="seren.py">
		<provides>video</provides>
	</extension>
	<extension point="xbmc.service" library="service.py" />
	<extension point="xbmc.addon.metadata">
		<summary lang="en">Seren - This Addon is currently in beta. Please be aware there may be bugs present</summary>
		<description lang="en">
		</description>
		<platform>all</platform>
		<license>GNU GENERAL PUBLIC LICENSE. Version 3, 29 June 2007</license>
		<forum></forum>
		<website></website>
		<source></source>
		<disclaimer lang="en">The author of this addon takes no responsibility for any 3rd party intergration or modification of this software, please ensure your use of this software abides by your local and insterstate laws.</disclaimer>
		<assets>
			<icon>temp-icon.png</icon>
			<fanart>temp-fanart.png</fanart>
		</assets>
		<news>
Changelog 0.2.35:
Seren now utilizes Kodi Repository dateutil package

Changelog 0.2.34:
Cleaned up logging

Changelog 0.2.33:
Premiumize Cloud Inspection now includes size for identified items
Cloud Inspection threads now gracefully exit if pre-emptive termination limit is reached
Increased file identification
Fixed delay with getsources window showing

Changelog 0.2.32:
Fixed is_aired format error
Fixed issue with hide SD removing cloud files

Changelog 0.2.31:
Fixed issue with un-aired episodes being added to playlist after smartplay speedup
Seren now confirms TMDB year information with IMDB prior to scraping
Fixed issues with Seren identifying sources from the users premiumize cloud

Changelog 0.2.30:
Fixed dictionary key issue for show items in smartPlay modules created with new workaround

Changelog 0.2.29:
Added removal of duplicate space characters to clean title function
Added support for single episode folders to Premiumize cloud inspection

Changelog 0.2.28:
Fixed issue with addonName variable change

Changelog 0.2.27:
Adjusted RD cache inspection to allow multiple video files within a single movie item
Adjust RD movie resolving to pull largest file out of torrent item
Seren now polls Kodi for supported video containers instead of hardcoding
Fixed key error when marking episode as watched in local database
Added settings cache dictionary to reduce Kodi's logging of "trying to load setting definitions from old format..."
Cleaned up addon logging

Changelog 0.2.26:
Fix Auto Episode Resume

Changelog 0.2.25:
Movie years now uses the popular API endpoint
Added option to enable Debrid Cloud inspection during scrape
Added Upcoming Episodes to My Shows menu
Added By Actor search to Discover Show/Movie menus
"Hide Un-Aired Episodes" renamed to "Hide Un-Aired Items"
"Hide Un-Aired Items" setting now applies to movie/show/season menus as well
Marking show/season item as watched/collected now triggers a background re-sync of relevant items
Increased resolving restrictions
Playstyle for Episodes and Movies are now seperate
Fixed issue with Premiumize Torrent File Picker
Speed Increase for playlist building

		</news>
	</extension>
</addon>
