<favourites>
    <favourite name="Covenant" thumb="special://home/addons/plugin.video.covenant/icon.png">ActivateWindow(10025,&quot;plugin://plugin.video.covenant/&quot;,return)</favourite>
    <favourite name="Neptune" thumb="special://home/addons/plugin.video.neptune/icon.png">ActivateWindow(10025,&quot;plugin://plugin.video.neptune/&quot;,return)</favourite>
    <favourite name="Incursion" thumb="special://home/addons/plugin.video.incursion/icon.png">ActivateWindow(10025,&quot;plugin://plugin.video.incursion/&quot;,return)</favourite>
    <favourite name="Rebirth" thumb="special://home/addons/plugin.video.rebirth/icon.png">ActivateWindow(10025,&quot;plugin://plugin.video.rebirth/&quot;,return)</favourite>
    <favourite name="Elysium" thumb="special://home/addons/plugin.video.elysium/icon.png">ActivateWindow(10025,&quot;plugin://plugin.video.elysium/&quot;,return)</favourite>
    <favourite name="Placenta" thumb="special://home/addons/plugin.video.placenta/icon.png">ActivateWindow(10025,&quot;plugin://plugin.video.placenta/&quot;,return)</favourite>
</favourites>