{
  "id": "channel.mtg",
  "version": "5.0.1",
  "textures": {
    "channel.mtg.tvse/tv3ltfanart.jpg": "cb51d4c3777d47675e784844891ea928",
    "channel.mtg.tvse/tv3lvfanart.jpg": "8f36b6cedd0691eadce1211fc34053dc",
    "channel.mtg.tvse/tv8ltfanart.jpg": "82d334cb9ebc82571a5fc0bd7ed5c2cb",
    "channel.mtg.viafree/mtvfanart2.jpg": "256792d58de0c066505266ef8ade34b4",
    "channel.mtg.viafree/nationalgeographic.jpg": "f98f60e3c63ba92d9590bca0cb3c23ab",
    "channel.mtg.viafree/ngnoimage.jpg": "d7338fb4627c2dfb38ee3e99f2d652d8",
    "channel.mtg.viafree/tv3fanart.jpg": "b13c56f1037fb42814cadcfad3a9deee",
    "channel.mtg.viafree/tv3nofanart.jpg": "526852d5ba7f9a3e72db7e788fd152f8",
    "channel.mtg.viafree/tv3nofanart2.jpg": "7d1fe2698e17a4bba81cd607b47c3954",
    "channel.mtg.viafree/tv8sefanart.jpg": "963e0d42cabe7a76ff7b9c56b0e17cdf",
    "channel.mtg.viafree/viasat4fanart.jpg": "128040ba3057d7aca04ef85991f3ccab",
    "channel.mtg.tvse/tv3eefanart.png": "6fe0398d06e9fb3fe174836f81a75d12",
    "channel.mtg.tvse/tv3eelarge.png": "163c22503aa8c3b254e6825a20743299",
    "channel.mtg.tvse/tv3ltimage.png": "eb7cbf3178eabbef69c0086fff671897",
    "channel.mtg.tvse/tv3ltlarge.png": "e7faca36afdad2a1e0932916b689dd1b",
    "channel.mtg.tvse/tv3lvimage.png": "36d9ab9d59bd4cda1c6a66d5bcf8d0ae",
    "channel.mtg.tvse/tv3lvlarge.png": "580eabe8ac89527ddbba47f554688cbc",
    "channel.mtg.tvse/tv3noimage.png": "f75e08c6c264a18513ad455a81b2f4a6",
    "channel.mtg.tvse/tv6eefanart.png": "c550a87e97b250edc5aea9668a2f587a",
    "channel.mtg.tvse/tv6eelarge.png": "de4920223f6b573800a709693cd44f01",
    "channel.mtg.tvse/tv6large.png": "ed3f23762aaa0e9d8dfbf4a4ebed63eb",
    "channel.mtg.tvse/tv6ltimage.png": "a9f755c4224e374461b5c0860649de78",
    "channel.mtg.tvse/tv6ltlarge.png": "c5ba00d2b8c0d7746a4c81cc4e69c3bf",
    "channel.mtg.tvse/tv6seimage.png": "9653afbd09b820a32386d04a3e55ec02",
    "channel.mtg.tvse/tv6viasatfanart.png": "76fe54b39a4594ab3d5f25bed2cc030d",
    "channel.mtg.tvse/tv8ltlarge.png": "ac9579992979d0247a6aebe57a2c94d6",
    "channel.mtg.tvse/tv8seimage.png": "aa55005c10ad33e93ae1134c9007b128",
    "channel.mtg.viafree/mtvimage.png": "ec8b1b46f315b43e8897cccf38ea8d90",
    "channel.mtg.viafree/mtvlarge.png": "eeeb40ab6da0acddacc04b655119082d",
    "channel.mtg.viafree/nationalgeographic.png": "1fce4bd3414f01286fbced70750fc1ac",
    "channel.mtg.viafree/tv10sefanart.png": "e74a97bfffdaff768564301bf84ff272",
    "channel.mtg.viafree/tv10seimage.png": "abe1fd42f22da0568adfaeed4357615b",
    "channel.mtg.viafree/tv10selarge.png": "cac33a2f090e59a614275c340ae8d5c1",
    "channel.mtg.viafree/tv3noimage.png": "f75e08c6c264a18513ad455a81b2f4a6",
    "channel.mtg.viafree/tv3nolarge.png": "f6b8f3f8cf6e3fe513f7dd64e57ef5f4",
    "channel.mtg.viafree/tv3sefanart.png": "f7fc3710385c9782a1f001fa3e77285a",
    "channel.mtg.viafree/tv3seimage.png": "aaa45a2e2a6a0091a20dd780500610c3",
    "channel.mtg.viafree/tv3selarge.png": "79e28ff59791543bcbbde7818221f076",
    "channel.mtg.viafree/tv6large.png": "ed3f23762aaa0e9d8dfbf4a4ebed63eb",
    "channel.mtg.viafree/tv6seimage.png": "9653afbd09b820a32386d04a3e55ec02",
    "channel.mtg.viafree/tv6viasatfanart.png": "76fe54b39a4594ab3d5f25bed2cc030d",
    "channel.mtg.viafree/tv8seimage.png": "aa55005c10ad33e93ae1134c9007b128",
    "channel.mtg.viafree/tv8selarge.png": "e1703f253cdaae6d78ad0b757299a4c1",
    "channel.mtg.viafree/viafreeimage.png": "8e4ae5f5bb32f422af933d4bcd83cd76",
    "channel.mtg.viafree/viafreese.png": "61fbc790c6f92ef2d828898f31a18ee8",
    "channel.mtg.viafree/viafreesefanart.png": "6b561d919a8d2b3f2fe87a0dfb660205",
    "channel.mtg.viafree/viasat4noimage.png": "823e7e29f8c99d5a9ea04f33a354f5f9",
    "channel.mtg.viafree/viasat4nolarge.png": "b3a698c1dc2380e04cff30a5bfe82b8e"
  }
}