<favourites>
    <favourite name="Sports Matrix" thumb="/storage/.kodi/addons/plugin.video.SportsMatrix/icon.png">ActivateWindow(10025,&quot;plugin://plugin.video.SportsMatrix/&quot;,return)</favourite>
    <favourite name="Joker Sports" thumb="/storage/.kodi/addons/plugin.video.JokerSports/icon.png">ActivateWindow(10025,&quot;plugin://plugin.video.JokerSports/&quot;,return)</favourite>
    <favourite name="Just Sports" thumb="/storage/.kodi/addons/plugin.video.justsports/icon.png">ActivateWindow(10025,&quot;plugin://plugin.video.justsports/&quot;,return)</favourite>
    <favourite name="Rising Tides" thumb="/storage/.kodi/addons/plugin.video.Rising.Tides/icon.png">ActivateWindow(10025,&quot;plugin://plugin.video.Rising.Tides/&quot;,return)</favourite>
    <favourite name="SportsDevil" thumb="/storage/.kodi/addons/plugin.video.SportsDevil/icon.png">ActivateWindow(10025,&quot;plugin://plugin.video.SportsDevil/&quot;,return)</favourite>
    <favourite name="ZemTV.com" thumb="/storage/.kodi/addons/plugin.video.ZemTV-shani/icon.png">ActivateWindow(10025,&quot;plugin://plugin.video.ZemTV-shani/?mode=13&amp;name=Sports&amp;url=Live&quot;,return)</favourite>
</favourites>