<?xml version="1.0" encoding="UTF-8" standalone="yes"?>
<addon id="plugin.video.placenta" version="1.0.6" name="Placenta" provider-name="Team Afterbirth">
	<requires>
		<import addon="xbmc.python" version="2.19.0" />
		<import addon="script.module.placenta" />
		<import addon="script.placenta.artwork" version="1.0.0" />
		<import addon="script.placenta.metadata" version="1.0.0" />
		<import addon="script.module.urlresolver" version="3.0.0" />
		<import addon="script.module.requests" />
		<import addon="script.module.metahandler" version="1.0.0" />
        <import addon="plugin.video.youtube"/>
	</requires>
	<extension point="xbmc.python.pluginsource" library="default.py">
		<provides>video</provides>
	</extension>
	<extension point="xbmc.service" library="service.py" start="startup" />
	<extension point="xbmc.addon.metadata">
		<summary lang="en">Placenta</summary>
		<description>You are welcome! - Team Afterbirth (mr blamo and Muad'Dib)</description>
		<platform>all</platform>
		<license>Beerware rev. 42</license>
		<assets>
			<icon>icon.png</icon>
			<fanart>fanart.jpg</fanart>
    			<screenshot>resources/screenshots/screenshot-01.jpg</screenshot>
    			<screenshot>resources/screenshots/screenshot-02.jpg</screenshot>
    			<screenshot>resources/screenshots/screenshot-03.jpg</screenshot>
    			<screenshot>resources/screenshots/screenshot-04.jpg</screenshot>
		</assets>
		<news></news>
	</extension>
</addon>
