<favourites>
    <favourite name="Aflevering Gemist" thumb="special://skin/logos/gemist.png">ActivateWindow(10025,&quot;plugin://net.rieter.xot/?action=listcategory&amp;category=National&quot;)</favourite>
    <favourite name="HD-Trailers" thumb="special://skin/logos/hdtrailer.png">ActivateWindow(10025,&quot;plugin://plugin.video.hdtrailers_net/&quot;)</favourite>
    <favourite name="YouTube" thumb="special://skin/logos/youtube.png">ActivateWindow(10025,&quot;plugin://plugin.video.youtube/&quot;)</favourite>
	<favourite name="Documentaires" thumb="special://skin/logos/docu.png">ActivateWindow(10025,&quot;plugin://plugin.video.DecadoDocs/&quot;)</favourite>
    <favourite name="Fitness" thumb="special://skin/logos/fitness.png">ActivateWindow(10025,&quot;plugin://plugin.video.ukturk/?description&amp;fanart=%2fstorage%2f.kodi%2faddons%2fplugin.video.ukturk%2ffanart.jpg&amp;iconimage=http%3a%2f%2fmatsbuilds.uk%2fturk%2fUKTurk%2fthumbs%2fnew%2fUk%2520turk%2520thumbnails%2520fitness.jpg&amp;mode=1&amp;name=Fitness&amp;url=http%3a%2f%2fmatsbuilds.uk%2fturk%2fUKTurk%2fFitness%2520Videos.txt&quot;)</favourite>
</favourites>
