<favourites>
    <favourite name="Venom" thumb="special://home/addons/plugin.video.venom/icon.png">ActivateWindow(10025,&quot;plugin://plugin.video.venom/&quot;,return)</favourite>
    <favourite name="Yoda" thumb="special://home/addons/plugin.video.yoda/icon.png">ActivateWindow(10025,&quot;plugin://plugin.video.yoda/&quot;,return)</favourite>
    <favourite name="13Clowns" thumb="special://home/addons/plugin.video.13clowns/icon.png">ActivateWindow(10025,&quot;plugin://plugin.video.13clowns/&quot;,return)</favourite>
    <favourite name="Seren" thumb="special://home/addons/plugin.video.seren/icon.png">ActivateWindow(10025,&quot;plugin://plugin.video.seren/&quot;,return)</favourite>
</favourites>