<favourites>
	<favourite name="Populair" thumb="special://home/addons/plugin.video.afkmenu/logos/navigatie/rocket.png">ActivateWindow(10025,&quot;plugin://plugin.video.thecrew/?action=movies&amp;url=trending&quot;)</favourite>
    <favourite name="Zoeken" thumb="special://home/addons/plugin.video.afkmenu/logos/navigatie/search.png">ActivateWindow(10025,&quot;plugin://plugin.video.thecrew/?action=movieSearch&quot;)</favourite>
    <favourite name="Meest Opgebracht" thumb="special://home/addons/plugin.video.afkmenu/logos/navigatie/coins.png">ActivateWindow(10025,&quot;plugin://plugin.video.thecrew/?action=movies&amp;url=boxoffice&quot;)</favourite>
    <favourite name="Zoeken op Genres" thumb="special://home/addons/plugin.video.afkmenu/logos/navigatie/search.png">ActivateWindow(10025,&quot;plugin://plugin.video.thecrew/?action=movieGenres&quot;)</favourite>
    <favourite name="Oscar Winnaars" thumb="special://home/addons/plugin.video.afkmenu/logos/navigatie/top100.png">ActivateWindow(10025,&quot;plugin://plugin.video.thecrew/?action=movies&amp;url=oscars&quot;)</favourite>
    <favourite name="Zoeken op Jaartal" thumb="special://home/addons/plugin.video.afkmenu/logos/navigatie/search.png">ActivateWindow(10025,&quot;plugin://plugin.video.thecrew/?action=movieYears&quot;)</favourite>
    <favourite name="Meest Bekeken" thumb="special://home/addons/plugin.video.afkmenu/logos/navigatie/eye.png">ActivateWindow(10025,&quot;plugin://plugin.video.thecrew/?action=movies&amp;url=views&quot;)</favourite>
    <favourite name="Zoeken op Taal" thumb="special://home/addons/plugin.video.afkmenu/logos/navigatie/search.png">ActivateWindow(10025,&quot;plugin://plugin.video.thecrew/?action=movieLanguages&quot;)</favourite>
    <favourite name="Kijkwijzer" thumb="special://home/addons/plugin.video.afkmenu/logos/navigatie/livetv.png">ActivateWindow(10025,&quot;plugin://plugin.video.thecrew/?action=movieCertificates&quot;)</favourite>
    <favourite name="Zoeken naar Acteurs" thumb="special://home/addons/plugin.video.afkmenu/logos/navigatie/search.png">ActivateWindow(10025,&quot;plugin://plugin.video.thecrew/?action=moviePerson&quot;)</favourite>
    <favourite name="Mijn Film Lijsten (TRAKT)" thumb="special://home/addons/plugin.video.afkmenu/logos/navigatie/trakttv.png">ActivateWindow(10025,&quot;plugin://plugin.video.thecrew/?action=mymovieliteNavigator&quot;)</favourite>
    <favourite name="Trakt Koppelen met The Crew" thumb="special://home/addons/plugin.video.afkmenu/logos/navigatie/trakttv.png">RunPlugin(plugin://plugin.video.thecrew/?action=authTrakt)</favourite>
</favourites>