<favourites>
	<favourite name="GameKings" thumb="special://skin/logos/gamekings.png">ActivateWindow(10025,&quot;plugin://plugin.video.gamekings/&quot;)</favourite>
	<favourite name="Dumpert" thumb="special://skin/logos/dumpert.png">ActivateWindow(10025,&quot;plugin://plugin.video.dumpert/&quot;)</favourite>
	<favourite name="Vimeo" thumb="special://skin/logos/vimeo.png">ActivateWindow(10025,&quot;plugin://plugin.video.vimeo/&quot;)</favourite>
	<favourite name="Vuurwerk TV" thumb="special://home/addons/plugin.video.vuurwerk/icon.png">ActivateWindow(10025,&quot;plugin://plugin.video.vuurwerk/&quot;)</favourite>
    <favourite name="USB media" thumb="special://skin/logos/usbmedia.png">ActivateWindow(3, &quot;&quot;)</favourite>
</favourites>