<favourites>
	<favourite name="Dubbed Anime" thumb="/storage/.kodi/addons/plugin.video.dubbedanime/icon.png">ActivateWindow(10025,&quot;plugin://plugin.video.dubbedanime/&quot;,return)</favourite>
	<favourite name="NixToons Anime" thumb="/storage/.kodi/addons/plugin.video.watchnixtoons/icon.png">ActivateWindow(10025,&quot;plugin://plugin.video.watchnixtoons/&quot;,return)</favourite>
	<favourite name="Cypher Anime" thumb="/storage/.kodi/addons/plugin.video.9anime.cypher/icon.png">ActivateWindow(10025,&quot;plugin://plugin.video.9anime.cypher/&quot;,return)</favourite>
	<favourite name="Verschillende Anime websites" thumb="special://home/addons/plugin.video.cartooncrazy/icon.png">ActivateWindow(10025,&quot;plugin://plugin.video.cartooncrazy/&quot;,return)</favourite>
</favourites>