<favourites>
    <favourite name="Lijst by Supremacy" thumb="special://home/addons/plugin.video.menu/logos/hd.png">ActivateWindow(10025,&quot;plugin://plugin.video.SkyNet/?fanart=http%3a%2f%2fmavericktv.net%2fdata%2fskynetbg.jpg&amp;iconimage=http%3a%2f%2fmavericktv.net%2fdata%2fskyiconmov.png&amp;mode=1&amp;name=%5bCOLOR%20white%5dSupremacy%20Movies%5b%2fCOLOR%5d&amp;url=http%3a%2f%2fstephen-builds.uk%2fsupremacy%2fMovies%2fmovies.txt&quot;,return)</favourite>
    <favourite name="lijst by Supremacy" thumb="special://home/addons/plugin.video.menu/logos/4k.png">ActivateWindow(10025,&quot;plugin://plugin.video.SkyNet/?fanart=http%3a%2f%2fstephen-builds.uk%2fart%2f20839702_10207884860798337_363786087_o.jpg&amp;iconimage=http%3a%2f%2fstephen-builds.uk%2fart%2fo.png&amp;mode=1&amp;name=%5bCOLOR%20aqua%5d4K%20Movies%5b%2fCOLOR%5d&amp;url=http%3a%2f%2fstephen-builds.uk%2fsupremacy%2f4K%2520Movies%2f4K%2520Movies.txt&quot;,return)</favourite>
    <favourite name="Lijst by Maverick" thumb="special://home/addons/plugin.video.menu/logos/hd.png">ActivateWindow(10025,&quot;plugin://plugin.video.SkyNet/?fanart=http%3a%2f%2fmavericktv.net%2fdata%2ffanart.jpg&amp;iconimage=http%3a%2f%2farmstrongeconomics-wp.s3.amazonaws.com%2f2016%2f01%2f2017-1.jpg&amp;mode=1&amp;name=%5bCOLOR%20lime%5d2017%20Movies%20-%20New%20Releases%5b%2fCOLOR%5d&amp;url=http%3a%2f%2fmavericktv.net%2fdata%2fmovies%2f2017.xml&quot;,return)</favourite>
    <favourite name="Lijst by Maverick" thumb="special://home/addons/plugin.video.menu/logos/4k.png">ActivateWindow(10025,&quot;plugin://plugin.video.SkyNet/?fanart=https%3a%2f%2fi.imgur.com%2fhx2pcsb.jpg&amp;iconimage=http%3a%2f%2fmavericktv.net%2fdata%2ficons%2f4k.jpg&amp;mode=1&amp;name=%5bCOLOR%20lime%5d%5bB%5dMaverick%204K%20UHD%20Movies%5b%2fB%5d%5b%2fCOLOR%5d&amp;url=http%3a%2f%2fmavericktv.net%2fdata%2fmovies%2fuhd.xml&quot;,return)</favourite>
    <favourite name="Lijst by Dogs Bollocks" thumb="special://home/addons/plugin.video.menu/logos/hd.png">ActivateWindow(10025,&quot;plugin://plugin.video.SkyNet/?fanart=https%3a%2f%2fwallpaperscraft.com%2fimage%2fpuppy_fold_bulldog_cute_dog_51167_1920x1080.jpg&amp;mode=1&amp;name=%5bB%5d%5bCOLORwhite%5dNew%20Releases%5b%2fCOLOR%5d%5b%2fB%5d&amp;url=http%3a%2f%2fsupremacy.org.uk%2ftombraider%2fdogsbollocks%2fnewreleases.txt&quot;,return)</favourite>
    <favourite name="Lijst by Dogs Bollocks" thumb="special://home/addons/plugin.video.menu/logos/4k.png">ActivateWindow(10025,&quot;plugin://plugin.video.SkyNet/?fanart=https%3a%2f%2fwallpaperscraft.com%2fimage%2fpuppy_fold_bulldog_cute_dog_51167_1920x1080.jpg&amp;mode=1&amp;name=%5bB%5d%5bCOLORwhite%5d4K%20Movies%5b%2fCOLOR%5d%5b%2fB%5d&amp;url=http%3a%2f%2fsupremacy.org.uk%2ftombraider%2fdogsbollocks%2fuhd.txt&quot;,return)</favourite>
    <favourite name="Lijst by Spartacus" thumb="special://home/addons/plugin.video.menu/logos/hd.png">ActivateWindow(10025,&quot;plugin://plugin.video.bennu/?action=directory&amp;content=0&amp;url=https%3a%2f%2fpastebin.com%2fraw%2f4vu4VQYi&amp;sf_options=winID%3D10025%26desc%3DReal-Debrid+nodig%26_options_sf&quot;,return)</favourite>
    <favourite name="Disney Collection by Spartacus" thumb="special://home/addons/plugin.video.menu/logos/hd.png">ActivateWindow(10025,&quot;plugin://plugin.video.bennu/?action=directory&amp;content=0&amp;url=https%3a%2f%2fpastebin.com%2fraw%2fDdWUbm9g&amp;sf_options=winID%3D10025%26desc%3DReal-Debrid+nodig%26_options_sf&quot;,return)</favourite>
</favourites>