<favourites>
	<favourite name="Aanbevolen" thumb="special://home/addons/plugin.video.afkmenu/logos/navigatie/highly-rated.png">ActivateWindow(10025,&quot;plugin://plugin.video.myriad_gw/?description&amp;episode&amp;iconimage=%2fstorage%2f.kodi%2faddons%2fplugin.video.myriad_gw%2fresources%2ficons%2ftv_voted.jpg&amp;mode=9&amp;name=%5bB%5d%5bCOLOR%20white%5dMost%20Voted%5b%2fCOLOR%5d%5b%2fB%5d&amp;season&amp;title&amp;url=http%3a%2f%2fakas.imdb.com%2fsearch%2ftitle%3fhas%3dtechnical%26moviemeter%3d%2c50000%26num_votes%3d1500%2c%26title_type%3dtv_series%2cmini_series%26sort%3dnum_votes%2cdesc&amp;year&quot;,return)</favourite>
    <favourite name="Zoeken" thumb="special://home/addons/plugin.video.afkmenu/logos/navigatie/search.png">ActivateWindow(10025,&quot;plugin://plugin.video.myriad_gw/?description&amp;episode&amp;iconimage=%2fstorage%2f.kodi%2faddons%2fplugin.video.myriad_gw%2fresources%2ficons%2fsearch_tv.jpg&amp;mode=12&amp;name=%5bB%5d%5bCOLOR%20white%5dTV%20Show%20Search%5b%2fCOLOR%5d%5b%2fB%5d&amp;season&amp;title&amp;url=url&amp;year&quot;,return)</favourite>
    <favourite name="Populair" thumb="special://home/addons/plugin.video.afkmenu/logos/navigatie/most-popular.png">ActivateWindow(10025,&quot;plugin://plugin.video.myriad_gw/?description&amp;episode&amp;iconimage=%2fstorage%2f.kodi%2faddons%2fplugin.video.myriad_gw%2fresources%2ficons%2ftv_pop.jpg&amp;mode=9&amp;name=%5bB%5d%5bCOLOR%20white%5dTV%20Shows%20Popular%5b%2fCOLOR%5d%5b%2fB%5d&amp;season&amp;title&amp;url=http%3a%2f%2fakas.imdb.com%2fsearch%2ftitle%3fhas%3dtechnical%26moviemeter%3d%2c50000%26num_votes%3d1500%2c%26title_type%3dtv_series%2cmini_series%26&amp;year&quot;,return)</favourite>
    <favourite name="Zoeken op Genres" thumb="special://home/addons/plugin.video.afkmenu/logos/navigatie/genres.png">ActivateWindow(10025,&quot;plugin://plugin.video.myriad_gw/?description&amp;episode&amp;iconimage=%2fstorage%2f.kodi%2faddons%2fplugin.video.myriad_gw%2fresources%2ficons%2ftv_genre.jpg&amp;mode=15&amp;name=%5bB%5d%5bCOLOR%20white%5dShows%20by%20Genre%5b%2fCOLOR%5d%5b%2fB%5d&amp;season&amp;title&amp;url=url&amp;year&quot;,return)</favourite>
    <favourite name="Hoogste Rating" thumb="special://home/addons/plugin.video.afkmenu/logos/navigatie/featured.png">ActivateWindow(10025,&quot;plugin://plugin.video.myriad_gw/?description&amp;episode&amp;iconimage=%2fstorage%2f.kodi%2faddons%2fplugin.video.myriad_gw%2fresources%2ficons%2ftv_high.jpg&amp;mode=9&amp;name=%5bB%5d%5bCOLOR%20white%5dHighest%20Rated%5b%2fCOLOR%5d%5b%2fB%5d&amp;season&amp;title&amp;url=http%3a%2f%2fakas.imdb.com%2fsearch%2ftitle%3fhas%3dtechnical%26moviemeter%3d%2c50000%26num_votes%3d25000%2c%26title_type%3dtv_series%2cmini_series%26sort%3duser_rating%2cdesc&amp;year&quot;,return)</favourite>
    <favourite name="Zoek op Jaartal" thumb="special://home/addons/plugin.video.afkmenu/logos/navigatie/people-search.png">ActivateWindow(10025,&quot;plugin://plugin.video.myriad_gw/?description&amp;episode&amp;iconimage=%2fstorage%2f.kodi%2faddons%2fplugin.video.myriad_gw%2fresources%2ficons%2ftv_year.jpg&amp;mode=16&amp;name=%5bB%5d%5bCOLOR%20white%5dShows%20By%20Year%5b%2fCOLOR%5d%5b%2fB%5d&amp;season&amp;title&amp;url=url&amp;year&quot;,return)</favourite>
    <favourite name="Laatste Nieuwe Series" thumb="special://home/addons/plugin.video.afkmenu/logos/navigatie/latest-episodes.png">ActivateWindow(10025,&quot;plugin://plugin.video.myriad_gw/?description&amp;episode&amp;iconimage=%2fstorage%2f.kodi%2faddons%2fplugin.video.myriad_gw%2fresources%2ficons%2ftv_release.jpg&amp;mode=9&amp;name=%5bB%5d%5bCOLOR%20white%5dTV%20Release%20Date%5b%2fCOLOR%5d%5b%2fB%5d&amp;season&amp;title&amp;url=http%3a%2f%2fakas.imdb.com%2fsearch%2ftitle%3fnum_votes%3d5000%2c%26sort%3drelease_date_us%2cdesc%26title_type%3dtv_series&amp;year&quot;,return)</favourite>
    <favourite name="Zoeken A t/m Z" thumb="special://home/addons/plugin.video.afkmenu/logos/navigatie/networks.png">ActivateWindow(10025,&quot;plugin://plugin.video.myriad_gw/?description&amp;episode&amp;iconimage=%2fstorage%2f.kodi%2faddons%2fplugin.video.myriad_gw%2fresources%2ficons%2ftv_a_z.jpg&amp;mode=9&amp;name=%5bB%5d%5bCOLOR%20white%5dA%20to%20Z%20Shows%5b%2fCOLOR%5d%5b%2fB%5d&amp;season&amp;title&amp;url=http%3a%2f%2fakas.imdb.com%2fsearch%2ftitle%3fnum_votes%3d5000%2c%26sort%3dalpha%2casc%26start%3d%26title_type%3dtv_series&amp;year&quot;,return)</favourite>
</favourites>