<?xml version="1.0" encoding="UTF-8" standalone="yes"?>
<!-- more info in GUIDialogAddonSettings -->
<settings>
    <setting id="user_agent" default="" />
    <setting id="client_id" default="" />
    <setting id="md_hash_value" default="" />
    <setting id="hide_first_time_message" default="false" />
    <setting id="application_key" default="" />
    <!--<setting id="test_encryption" default="" />-->

    <category id="general" label="30009">
        <setting id="cloud_sync_enabled" default="true" />
        <!--setting id="stream_quality" type="enum" label="30000" lvalues="30001|30002|30003" default="2"/-->
        <!--setting id="stream_autobitrate" type="bool" label="30070" default="true" /-->
        <setting id="stream_bitrate" type="select" label="30020" default="4000" values="100|250|500|750|1000|1500|2000|2500|4000|8000|20000" />
        <setting id="hide_fanart" type="bool" label="30086" default="false" />
        <setting id="subtitle_mode" type="enum" label="30021" lvalues="30022|30023" default="0" />
        <setting id="list_limit" type="enum" label="30026" default="5" lvalues="30074|30199|30200|30201|30202|30203|30204|30205" />
        <setting id="empty_folder" type="select" label="30075" default="2" lvalues="30076|30077|30078" />
        <setting id="folders_as_video" type="bool" label="30087" default="false" />
        <setting id="folder_prefix" type="text" label="30043" default="" />
        <setting id="show_cloaked_items" type="bool" label="30095" default="false" />

        <setting type="lsep" label="30089" />
        <setting id="pin_label" type="text" label="30090" enable="false" />
        <!-- we need the option="close" here to make sure we don't overwrite settings that were
             already done while updating the settings from the script -->
        <setting id="set_pin" label="30091" type="action" action="RunScript(net.rieter.xot, 0, ?action=changepin&amp;tabfocus=100&amp;settingfocus=209)" option="close" />
        <setting id="reset_vault" label="30092" type="action" action="RunScript(net.rieter.xot, 0, ?action=resetvault&amp;tabfocus=100&amp;settingfocus=210)" option="close" />

        <setting type="lsep" label="30046" />
        <setting id="show_drm_warning" type="bool" label="30019" enable="true" default="true" />
        <setting id="hide_drm" type="bool" label="30080" enable="true" default="false" />
        <setting id="hide_premium" type="bool" label="30081" enable="true" default="false" />
        <setting id="hide_types" type="enum" label="30082" lvalues="30083|30084" default="1" />
        <setting id="geo_region" type="select" label="30085" lvalues="30074|30024|30047|30044|30027|30007|30008|30005|30015|30006" />
        <setting id="geo_label" type="text" label="30073" enable="false" />

        <setting type="lsep" label="30055" />
        <setting id="ignore_ssl_errors" type="bool" label="30569" default="false" />
        <setting id="hide_first_time_message" type="bool" label="30570" default="false" />
        <setting id="send_statistics" type="bool" label="30052" default="true" />
        <setting id="log_level" type="enum" label="30048" values="Trace|Debug|Info" default="2" />
        <setting id="send_log" type="action" label="30598" action="RunScript(net.rieter.xot, 0, ?action=postlog)" option="close" visible="eq(-1,0)|eq(-1,1)" />
        <setting id="http_cache" type="bool" label="30031" default="true" />
    </category>

    <category id="channels" label="30040">
        <setting id="show_categories" type="bool" label="30067" default="true" />

        <!-- start of channel selection -->
        <!-- This is just a template and should be replaced after the first run -->
        <!-- end of channel selection -->
    </category>

    <category id="channelsettings" label="30032">
        <setting type="lsep" label="30063" />
        <!-- start of active channels -->
        <!-- This is just a template and should be replaced after the first run -->
        <!-- end of active channels -->

        <setting type="lsep" label="30032" />
        <setting id="channel_00000000-0000-0000-0000-000000000000_none" label="30034" type="text" enable="false" visible="eq(%config_channel%,)" />

        <!-- begin of channel settings -->
        <!-- This is just a template and should be replaced after the first run -->
        <!-- end of channel settings -->

        <!-- No more proxy settings
        <setting type="lsep" label="30065" />
        -->

        <!-- start of proxy selection -->
        <!-- This is just a template and should be replaced after the first run -->
        <!-- end of proxy selection -->
    </category>

    <!-- start of proxy settings -->
    <category id="proxysettings" label="30065">
        <setting id="selected_country" label="30096" type="labelenum" lvalues="30059|30056|30057|30058|30037|30054|30033|30098|30099|30303" />

        <setting type="lsep" label="30059" visible="eq(%selected_country%,0)" />
        <setting id="other_proxy_type" type="labelenum" label="30072" default="" lvalues="30025|30062|30066" visible="eq(%selected_country%,0)" />
        <setting subsetting="true" id="other_proxy_server" type="text" label="30029" default="" visible="!eq(-1,0)+eq(%selected_country%,0)" />
        <setting subsetting="true" id="other_proxy_port" type="number" label="30030" default="8080" visible="eq(-2,1)+eq(%selected_country%,0)" />
        <setting subsetting="true" id="other_proxy_username" type="text" label="30035" default="" visible="eq(-3,1)+eq(%selected_country%,0)" />
        <setting subsetting="true" id="other_proxy_password"  type="text" option="hidden" label="30036" default="" visible="eq(-4,1)+eq(%selected_country%,0)+!eq(-1,)" />
        <setting id="other_local_ip" type="ipaddress" label="30079" default="" visible="false" />

        <setting type="lsep" label="30056" visible="eq(%selected_country%,1)" />
        <setting id="nl_proxy_set_all" type="action" label="30071" action="RunScript(net.rieter.xot, 0, ?action=setproxy&amp;lang=nl)" visible="eq(%selected_country%,1)" />
        <setting id="nl_proxy_type" type="labelenum" label="30072" default="" lvalues="30025|30062|30066" visible="eq(%selected_country%,1)" />
        <setting subsetting="true" id="nl_proxy_server" type="text" label="30029" default="" visible="!eq(-1,0)+eq(%selected_country%,1)"/>
        <setting subsetting="true" id="nl_proxy_port" type="number" label="30030" default="8080" visible="eq(-2,1)+eq(%selected_country%,1)" />
        <setting subsetting="true" id="nl_proxy_username" type="text" label="30035" default="" visible="eq(-3,1)+eq(%selected_country%,1)" />
        <setting subsetting="true" id="nl_proxy_password"  type="text" option="hidden" label="30036" default="" visible="eq(-4,1)+eq(%selected_country%,1)+!eq(-1,)" />
        <setting id="nl_local_ip" type="ipaddress" label="30079" default="" visible="eq(%selected_country%,1)" />

        <setting type="lsep" label="30057" visible="eq(%selected_country%,2)" />
        <setting id="uk_proxy_set_all" type="action" label="30071" action="RunScript(net.rieter.xot, 0, ?action=setproxy&amp;lang=uk)" visible="eq(%selected_country%,2)" />
        <setting id="uk_proxy_type" type="labelenum" label="30072" default="" lvalues="30025|30062|30066" visible="eq(%selected_country%,2)" />
        <setting subsetting="true" id="uk_proxy_server" type="text" label="30029" default="" visible="!eq(-1,0)+eq(%selected_country%,2)" />
        <setting subsetting="true" id="uk_proxy_port" type="number" label="30030" default="8080" visible="eq(-2,1)+eq(%selected_country%,2)" />
        <setting subsetting="true" id="uk_proxy_username" type="text" label="30035" default="" visible="eq(-3,1)+eq(%selected_country%,2)" />
        <setting subsetting="true" id="uk_proxy_password"  type="text" option="hidden" label="30036" default="" visible="eq(-4,1)+eq(%selected_country%,2)+!eq(-1,)" />
        <setting id="uk_local_ip" type="ipaddress" label="30079" default="" visible="eq(%selected_country%,2)" />

        <setting type="lsep" label="30058" visible="eq(%selected_country%,3)" />
        <setting id="se_proxy_set_all" type="action" label="30071" action="RunScript(net.rieter.xot, 0, ?action=setproxy&amp;lang=se)" visible="eq(%selected_country%,3)" />
        <setting id="se_proxy_type" type="labelenum" label="30072" default="" lvalues="30025|30062|30066" visible="eq(%selected_country%,3)" />
        <setting subsetting="true" id="se_proxy_server" type="text" label="30029" default="" visible="!eq(-1,0)+eq(%selected_country%,3)" />
        <setting subsetting="true" id="se_proxy_port" type="number" label="30030" default="8080" visible="eq(-2,1)+eq(%selected_country%,3)" />
        <setting subsetting="true" id="se_proxy_username" type="text" label="30035" default="" visible="eq(-3,1)+eq(%selected_country%,3)" />
        <setting subsetting="true" id="se_proxy_password"  type="text" option="hidden" label="30036" default="" visible="eq(-4,1)+eq(%selected_country%,3)+!eq(-1,)" />
        <setting id="se_local_ip" type="ipaddress" label="30079" default="" visible="eq(%selected_country%,3)" />

        <setting type="lsep" label="30037" visible="eq(%selected_country%,4)" />
        <setting id="no_proxy_set_all" type="action" label="30071" action="RunScript(net.rieter.xot, 0, ?action=setproxy&amp;lang=no)" visible="eq(%selected_country%,4)" />
        <setting id="no_proxy_type" type="labelenum" label="30072" default="" lvalues="30025|30062|30066" visible="eq(%selected_country%,4)" />
        <setting subsetting="true" id="no_proxy_server" type="text" label="30029" default="" visible="!eq(-1,0)+eq(%selected_country%,4)" />
        <setting subsetting="true" id="no_proxy_port" type="number" label="30030" default="8080" visible="eq(-2,1)+eq(%selected_country%,4)" />
        <setting subsetting="true" id="no_proxy_username" type="text" label="30035" default="" visible="eq(-3,1)+eq(%selected_country%,4)" />
        <setting subsetting="true" id="no_proxy_password"  type="text" option="hidden" label="30036" default="" visible="eq(-4,1)+eq(%selected_country%,4)+!eq(-1,)" />
        <setting id="no_local_ip" type="ipaddress" label="30079" default="" visible="eq(%selected_country%,4)" />

        <setting type="lsep" label="30054" visible="eq(%selected_country%,5)" />
        <setting id="de_proxy_set_all" type="action" label="30071" action="RunScript(net.rieter.xot, 0, ?action=setproxy&amp;lang=de)" visible="eq(%selected_country%,5)" />
        <setting id="de_proxy_type" type="labelenum" label="30072" default="" lvalues="30025|30062|30066" visible="eq(%selected_country%,5)" />
        <setting subsetting="true" id="de_proxy_server" type="text" label="30029" default="" visible="!eq(-1,0)+eq(%selected_country%,5)" />
        <setting subsetting="true" id="de_proxy_port" type="number" label="30030" default="8080" visible="eq(-2,1)+eq(%selected_country%,5)" />
        <setting subsetting="true" id="de_proxy_username" type="text" label="30035" default="" visible="eq(-3,1)+eq(%selected_country%,5)" />
        <setting subsetting="true" id="de_proxy_password"  type="text" option="hidden" label="30036" default="" visible="eq(-4,1)+eq(%selected_country%,5)+!eq(-1,)" />
        <setting id="de_local_ip" type="ipaddress" label="30079" default="" visible="eq(%selected_country%,5)" />

        <setting type="lsep" label="30033" visible="eq(%selected_country%,6)" />
        <setting id="be_proxy_set_all" type="action" label="30071" action="RunScript(net.rieter.xot, 0, ?action=setproxy&amp;lang=be)" visible="eq(%selected_country%,6)" />
        <setting id="be_proxy_type" type="labelenum" label="30072" default="" lvalues="30025|30062|30066" visible="eq(%selected_country%,6)" />
        <setting subsetting="true" id="be_proxy_server" type="text" label="30029" default="" visible="!eq(-1,0)+eq(%selected_country%,6)" />
        <setting subsetting="true" id="be_proxy_port" type="number" label="30030" default="8080" visible="eq(-2,1)+eq(%selected_country%,6)" />
        <setting subsetting="true" id="be_proxy_username" type="text" label="30035" default="" visible="eq(-3,1)+eq(%selected_country%,6)" />
        <setting subsetting="true" id="be_proxy_password"  type="text" option="hidden" label="30036" default="" visible="eq(-4,1)+eq(%selected_country%,6)+!eq(-1, )" />
        <setting id="be_local_ip" type="ipaddress" label="30079" default="" visible="eq(%selected_country%,6)" />

        <setting type="lsep" label="30098" visible="eq(%selected_country%,7)" />
        <setting id="ee_proxy_set_all" type="action" label="30071" action="RunScript(net.rieter.xot, 0, ?action=setproxy&amp;lang=ee)" visible="eq(%selected_country%,7)" />
        <setting id="ee_proxy_type" type="labelenum" label="30072" default="" lvalues="30025|30062|30066" visible="eq(%selected_country%,7)" />
        <setting subsetting="true" id="ee_proxy_server" type="text" label="30029" default="" visible="!eq(-1,0)+eq(%selected_country%,7)" />
        <setting subsetting="true" id="ee_proxy_port" type="number" label="30030" default="8080" visible="eq(-2,1)+eq(%selected_country%,7)" />
        <setting subsetting="true" id="ee_proxy_username" type="text" label="30035" default="" visible="eq(-3,1)+eq(%selected_country%,7)" />
        <setting subsetting="true" id="ee_proxy_password"  type="text" option="hidden" label="30036" default="" visible="eq(-4,1)+eq(%selected_country%,7)+!eq(-1,)" />
        <setting id="ee_local_ip" type="ipaddress" label="30079" default="" visible="eq(%selected_country%,7)" />

        <setting type="lsep" label="30099" visible="eq(%selected_country%,8)" />
        <setting id="lt_proxy_set_all" type="action" label="30071" action="RunScript(net.rieter.xot, 0, ?action=setproxy&amp;lang=lt)" visible="eq(%selected_country%,8)" />
        <setting id="lt_proxy_type" type="labelenum" label="30072" default="" lvalues="30025|30062|30066" visible="eq(%selected_country%,8)" />
        <setting subsetting="true" id="lt_proxy_server" type="text" label="30029" default="" visible="!eq(-1,0)+eq(%selected_country%,8)" />
        <setting subsetting="true" id="lt_proxy_port" type="number" label="30030" default="8080" visible="eq(-2,1)+eq(%selected_country%,8)" />
        <setting subsetting="true" id="lt_proxy_username" type="text" label="30035" default="" visible="eq(-3,1)+eq(%selected_country%,8)" />
        <setting subsetting="true" id="lt_proxy_password"  type="text" option="hidden" label="30036" default="" visible="eq(-4,1)+eq(%selected_country%,8)+!eq(-1,)" />
        <setting id="lt_local_ip" type="ipaddress" label="30079" default="" visible="eq(%selected_country%,8)" />

        <setting type="lsep" label="30303" visible="eq(%selected_country%,9)" />
        <setting id="lv_proxy_set_all" type="action" label="30071" action="RunScript(net.rieter.xot, 0, ?action=setproxy&amp;lang=lv)" visible="eq(%selected_country%,9)" />
        <setting id="lv_proxy_type" type="labelenum" label="30072" default="" lvalues="30025|30062|30066" visible="eq(%selected_country%,9)" />
        <setting subsetting="true" id="lv_proxy_server" type="text" label="30029" default="" visible="!eq(-1,0)+eq(%selected_country%,9)" />
        <setting subsetting="true" id="lv_proxy_port" type="number" label="30030" default="8080" visible="eq(-2,1)+eq(%selected_country%,9)" />
        <setting subsetting="true" id="lv_proxy_username" type="text" label="30035" default="" visible="eq(-3,1)+eq(%selected_country%,9)" />
        <setting subsetting="true" id="lv_proxy_password"  type="text" option="hidden" label="30036" default="" visible="eq(-4,1)+eq(%selected_country%,9)+!eq(-1,)" />
        <setting id="lv_local_ip" type="ipaddress" label="30079" default="" visible="eq(%selected_country%,9)" />
    </category>
    <!-- end of proxy settings -->
</settings>