<favourites>
	<favourite name="Aanbevolen" thumb="special://home/addons/plugin.video.afkmenu/logos/navigatie/rocket.png">ActivateWindow(10025,&quot;plugin://plugin.video.thecrew/?action=tvshows&amp;url=trending&quot;)</favourite>
    <favourite name="Zoeken" thumb="special://home/addons/plugin.video.afkmenu/logos/navigatie/search.png">ActivateWindow(10025,&quot;plugin://plugin.video.thecrew/?action=tvSearch&quot;)</favourite>
    <favourite name="Populair" thumb="special://home/addons/plugin.video.afkmenu/logos/navigatie/top100.png">ActivateWindow(10025,&quot;plugin://plugin.video.thecrew/?action=tvshows&amp;url=popular&quot;)</favourite>
    <favourite name="Zoeken op Genres" thumb="special://home/addons/plugin.video.afkmenu/logos/navigatie/search.png">ActivateWindow(10025,&quot;plugin://plugin.video.thecrew/?action=tvGenres&quot;)</favourite>
    <favourite name="Hoogste Kijkcijfers" thumb="special://home/addons/plugin.video.afkmenu/logos/navigatie/year.png">ActivateWindow(10025,&quot;plugin://plugin.video.thecrew/?action=tvshows&amp;url=rating&quot;)</favourite>
    <favourite name="Zoeken naar Acteurs" thumb="special://home/addons/plugin.video.afkmenu/logos/navigatie/search.png">ActivateWindow(10025,&quot;plugin://plugin.video.thecrew/?action=tvPerson&quot;)</favourite>
    <favourite name="Meest Bekeken" thumb="special://home/addons/plugin.video.afkmenu/logos/navigatie/eye.png">ActivateWindow(10025,&quot;plugin://plugin.video.thecrew/?action=tvshows&amp;url=views&quot;)</favourite>
    <favourite name="Kalender" thumb="special://home/addons/plugin.video.afkmenu/logos/navigatie/timer.png">ActivateWindow(10025,&quot;plugin://plugin.video.thecrew/?action=calendars&quot;)</favourite>
    <favourite name="Nieuwe Series" thumb="special://home/addons/plugin.video.afkmenu/logos/navigatie/recentlyadded.png">ActivateWindow(10025,&quot;plugin://plugin.video.thecrew/?action=tvshows&amp;url=premiere&quot;)</favourite>
    <favourite name="Kijkwijzer" thumb="special://home/addons/plugin.video.afkmenu/logos/navigatie/livetv.png">ActivateWindow(10025,&quot;plugin://plugin.video.thecrew/?action=tvCertificates&quot;)</favourite>
    <favourite name="Mijn Serie Lijsten (TRAKT)" thumb="special://home/addons/plugin.video.afkmenu/logos/navigatie/trakttv.png">ActivateWindow(10025,&quot;plugin://plugin.video.thecrew/?action=mytvliteNavigator&quot;)</favourite>
    <favourite name="Trakt Koppelen met The Crew" thumb="special://home/addons/plugin.video.afkmenu/logos/navigatie/trakttv.png">RunPlugin(plugin://plugin.video.thecrew/?action=authTrakt)</favourite>
</favourites>