<favourites>
    <favourite name="TRAILERS" thumb="http://i.imgur.com/ri461Tn.jpg">ActivateWindow(10025,&quot;plugin://plugin.video.bennu/?action=directory&amp;content=0&amp;url=https%3a%2f%2fpastebin.com%2fraw%2fPPGv4T2n&amp;worker=0&quot;,return)</favourite>
    <favourite name="YOUTUBE LIVE" thumb="http://i.imgur.com/kC7VI98.jpg">ActivateWindow(10025,&quot;plugin://plugin.video.bennu/?action=directory&amp;content=0&amp;url=https%3a%2f%2fpastebin.com%2fraw%2fXscsC7AE&amp;worker=0&quot;,return)</favourite>
    <favourite name="ADULT ANIMATION" thumb="https://i.imgur.com/rQDgUah.jpg">ActivateWindow(10025,&quot;plugin://plugin.video.bennu/?action=directory&amp;content=0&amp;url=https%3a%2f%2fpastebin.com%2fraw%2fCesP9EGv&amp;worker=0&quot;,return)</favourite>
    <favourite name="ANIMATION" thumb="https://i.imgur.com/glfDUoV.jpg">ActivateWindow(10025,&quot;plugin://plugin.video.bennu/?action=directory&amp;content=0&amp;url=https%3a%2f%2fpastebin.com%2fraw%2fRbVh2ZtE&amp;worker=0&quot;,return)</favourite>
    <favourite name="ANTHOLOGY" thumb="https://i.imgur.com/h4KQbbg.jpg">ActivateWindow(10025,&quot;plugin://plugin.video.bennu/?action=directory&amp;content=0&amp;url=https%3a%2f%2fpastebin.com%2fraw%2fY74eWb8M&amp;worker=0&quot;,return)</favourite>
    <favourite name="AFRO AMERICAN" thumb="http://i.imgur.com/1R5ilj0.jpg">ActivateWindow(10025,&quot;plugin://plugin.video.bennu/?action=directory&amp;content=0&amp;url=https%3a%2f%2fpastebin.com%2fraw%2ft0eUFufr&amp;worker=0&quot;,return)</favourite>
    <favourite name="AFTER DARK" thumb="https://i.imgur.com/2PtRUPD.jpg">ActivateWindow(10025,&quot;plugin://plugin.video.bennu/?action=directory&amp;content=0&amp;url=https%3a%2f%2fpastebin.com%2fraw%2fciAd32QT&amp;worker=0&quot;,return)</favourite>
    <favourite name="ARCHIVES" thumb="http://i.imgur.com/KpgQoGa.jpg">ActivateWindow(10025,&quot;plugin://plugin.video.bennu/?action=directory&amp;content=0&amp;url=https%3a%2f%2fpastebin.com%2fraw%2fVD4NZZuZ&amp;worker=0&quot;,return)</favourite>
    <favourite name="AUDIO BOOKS" thumb="http://i.imgur.com/0Olt7UT.jpg">ActivateWindow(10025,&quot;plugin://plugin.video.bennu/?action=directory&amp;content=0&amp;url=https%3a%2f%2fpastebin.com%2fraw%2f24KuuYnJ&amp;worker=0&quot;,return)</favourite>
    <favourite name="BOXING" thumb="http://i.imgur.com/Al44nEw.jpg">ActivateWindow(10025,&quot;plugin://plugin.video.bennu/?action=directory&amp;content=0&amp;url=https%3a%2f%2fpastebin.com%2fraw%2fsJwEiMGi&amp;worker=0&quot;,return)</favourite>
    <favourite name="CANADA" thumb="https://i.imgur.com/FHjJYLu.jpg">ActivateWindow(10025,&quot;plugin://plugin.video.bennu/?action=directory&amp;content=0&amp;url=https%3a%2f%2fpastebin.com%2fraw%2faKPnHTZ3&amp;worker=0&quot;,return)</favourite>
    <favourite name="CLASSIC TV PILOTS" thumb="https://i.imgur.com/ZsaEi6A.jpg">ActivateWindow(10025,&quot;plugin://plugin.video.bennu/?action=directory&amp;content=0&amp;url=https%3a%2f%2fpastebin.com%2fraw%2fXQerzvLu&amp;worker=0&quot;,return)</favourite>
    <favourite name="CLASSIC TV 24/7" thumb="https://i.imgur.com/qR6dmQd.jpg">ActivateWindow(10025,&quot;plugin://plugin.video.bennu/?action=directory&amp;content=0&amp;url=https%3a%2f%2fpastebin.com%2fraw%2fKxmu7ZjG&amp;worker=0&quot;,return)</favourite>
    <favourite name="CLASSIC MOVIES" thumb="http://i.imgur.com/fqJKOK2.jpg">ActivateWindow(10025,&quot;plugin://plugin.video.bennu/?action=directory&amp;content=0&amp;url=https%3a%2f%2fpastebin.com%2fraw%2fWWGJPekB&amp;worker=0&quot;,return)</favourite>
    <favourite name="CLASSIC RADIO" thumb="http://i.imgur.com/UWsawh7.jpg">ActivateWindow(10025,&quot;plugin://plugin.video.bennu/?action=directory&amp;content=0&amp;url=https%3a%2f%2fpastebin.com%2fraw%2f0x49EZ6Y&amp;worker=0&quot;,return)</favourite>
    <favourite name="COLLECTIONS" thumb="http://i.imgur.com/7ioddlp.jpg">ActivateWindow(10025,&quot;plugin://plugin.video.bennu/?action=directory&amp;content=0&amp;url=https%3a%2f%2fpastebin.com%2fraw%2fKcj6b1aF&amp;worker=0&quot;,return)</favourite>
    <favourite name="CHRISTMAS TV" thumb="https://i.imgur.com/nYu3uFo.jpg">ActivateWindow(10025,&quot;plugin://plugin.video.bennu/?action=directory&amp;content=0&amp;url=https%3a%2f%2fpastebin.com%2fraw%2fV3P5JHwR&amp;worker=0&quot;,return)</favourite>
    <favourite name="DOCUMENTARY" thumb="http://i.imgur.com/ZT0qnzR.jpg">ActivateWindow(10025,&quot;plugin://plugin.video.bennu/?action=directory&amp;content=0&amp;url=https%3a%2f%2fpastebin.com%2fraw%2fgANCbuRy&amp;worker=0&quot;,return)</favourite>
    <favourite name="ENTERTAINMENT" thumb="https://i.imgur.com/Sc4vgMZ.jpg">ActivateWindow(10025,&quot;plugin://plugin.video.bennu/?action=directory&amp;content=0&amp;url=https%3a%2f%2fpastebin.com%2fraw%2fKwWrDD8B&amp;worker=0&quot;,return)</favourite>
    <favourite name="FIGHTS" thumb="http://i.imgur.com/xTvJRJQ.jpg">ActivateWindow(10025,&quot;plugin://plugin.video.bennu/?action=directory&amp;content=0&amp;url=https%3a%2f%2fpastebin.com%2fraw%2fGfrvUCxs&amp;worker=0&quot;,return)</favourite>
    <favourite name="FOOD" thumb="http://i.imgur.com/yML2nyb.jpg">ActivateWindow(10025,&quot;plugin://plugin.video.bennu/?action=directory&amp;content=0&amp;url=https%3a%2f%2fpastebin.com%2fraw%2fXJAhLB6f&amp;worker=0&quot;,return)</favourite>
    <favourite name="FOOTY ON DEMAND" thumb="http://i.imgur.com/QoLcVjy.jpg">ActivateWindow(10025,&quot;plugin://plugin.video.bennu/?action=directory&amp;content=0&amp;url=https%3a%2f%2fpastebin.com%2fraw%2fuJsg6BdD&amp;worker=0&quot;,return)</favourite>
    <favourite name="FOREIGN FESTIVAL" thumb="https://i.imgur.com/qQRp0aA.jpg">ActivateWindow(10025,&quot;plugin://plugin.video.bennu/?action=directory&amp;content=0&amp;url=https%3a%2f%2fpastebin.com%2fraw%2fv0SBv6h1&amp;worker=0&quot;,return)</favourite>
    <favourite name="GANGSTERS" thumb="https://i.imgur.com/2CtJkZ5.jpg">ActivateWindow(10025,&quot;plugin://plugin.video.bennu/?action=directory&amp;content=0&amp;url=https%3a%2f%2fpastebin.com%2fraw%2fmpCAsrxr&amp;worker=0&quot;,return)</favourite>
    <favourite name="HALLMARK" thumb="https://i.imgur.com/JlK8gAS.jpg">ActivateWindow(10025,&quot;plugin://plugin.video.bennu/?action=directory&amp;content=0&amp;url=https%3a%2f%2fpastebin.com%2fraw%2fZSziQeA5&amp;worker=0&quot;,return)</favourite>
    <favourite name="HALLMARK: Movies &amp; Mysteries" thumb="https://i.imgur.com/jgxleb9.jpg">ActivateWindow(10025,&quot;plugin://plugin.video.bennu/?action=directory&amp;content=0&amp;url=https%3a%2f%2fpastebin.com%2fraw%2fJC9evNyB&amp;worker=0&quot;,return)</favourite>
    <favourite name="HOCKEY FIGHTS" thumb="https://i.imgur.com/kDgEMlG.jpg">ActivateWindow(10025,&quot;plugin://plugin.video.bennu/?action=directory&amp;content=0&amp;url=https%3a%2f%2fpastebin.com%2fraw%2fzVfCvsnW&amp;worker=0&quot;,return)</favourite>
    <favourite name="HORROR" thumb="http://i.imgur.com/dIvZaMe.jpg">ActivateWindow(10025,&quot;plugin://plugin.video.bennu/?action=directory&amp;content=0&amp;url=https%3a%2f%2fpastebin.com%2fraw%2fwc7vm4u3&amp;worker=0&quot;,return)</favourite>
    <favourite name="HUNTING" thumb="http://i.imgur.com/jM0FcrC.jpg">ActivateWindow(10025,&quot;plugin://plugin.video.bennu/?action=directory&amp;content=0&amp;url=https%3a%2f%2fpastebin.com%2fraw%2fN9KzjMPB&amp;worker=0&quot;,return)</favourite>
    <favourite name="ITALIAN [COLOR red]INCLUDES ADULT SECTION[/COLOR]" thumb="http://i.imgur.com/AHUL9pn.jpg">ActivateWindow(10025,&quot;plugin://plugin.video.bennu/?action=directory&amp;content=0&amp;url=https%3a%2f%2fpastebin.com%2fraw%2fJtsVXFfT&amp;worker=0&quot;,return)</favourite>
    <favourite name="LATE NIGHT" thumb="http://i.imgur.com/f4UirEO.jpg">ActivateWindow(10025,&quot;plugin://plugin.video.bennu/?action=directory&amp;content=0&amp;url=https%3a%2f%2fpastebin.com%2fraw%2fMFqs5waG&amp;worker=0&quot;,return)</favourite>
    <favourite name="LAUGH FEST" thumb="http://i.imgur.com/nYWyGp6.jpg">ActivateWindow(10025,&quot;plugin://plugin.video.bennu/?action=directory&amp;content=0&amp;url=https%3a%2f%2fpastebin.com%2fraw%2fSJdPTGbP&amp;worker=0&quot;,return)</favourite>
    <favourite name="LEARNING 101" thumb="http://i.imgur.com/SF3Lbyh.jpg">ActivateWindow(10025,&quot;plugin://plugin.video.bennu/?action=directory&amp;content=0&amp;url=https%3a%2f%2fpastebin.com%2fraw%2fKzLBN7cX&amp;worker=0&quot;,return)</favourite>
    <favourite name="LGBT" thumb="http://i.imgur.com/3vlHvMh.jpg">ActivateWindow(10025,&quot;plugin://plugin.video.bennu/?action=directory&amp;content=0&amp;url=https%3a%2f%2fpastebin.com%2fraw%2fDFnVj2Tp&amp;worker=0&quot;,return)</favourite>
    <favourite name="LIFETIME" thumb="https://i.imgur.com/ZQI6ihK.jpg">ActivateWindow(10025,&quot;plugin://plugin.video.bennu/?action=directory&amp;content=0&amp;url=https%3a%2f%2fpastebin.com%2fraw%2fSCbPBXpM&amp;worker=0&quot;,return)</favourite>
    <favourite name="MARTIAL ARTISTS" thumb="https://i.imgur.com/VR7ilIQ.jpg">ActivateWindow(10025,&quot;plugin://plugin.video.bennu/?action=directory&amp;content=0&amp;url=https%3a%2f%2fpastebin.com%2fraw%2fRmU82Mt8&amp;worker=0&quot;,return)</favourite>
    <favourite name="MUSIC" thumb="https://i.imgur.com/JIZIEKO.jpg">ActivateWindow(10025,&quot;plugin://plugin.video.bennu/?action=directory&amp;content=0&amp;url=https%3a%2f%2fpastebin.com%2fraw%2fUSPsN4M1&amp;worker=0&quot;,return)</favourite>
    <favourite name="NEWS" thumb="http://i.imgur.com/X7CnNyc.jpg">ActivateWindow(10025,&quot;plugin://plugin.video.bennu/?action=directory&amp;content=0&amp;url=https%3a%2f%2fpastebin.com%2fraw%2fcrer6wZ9&amp;worker=0&quot;,return)</favourite>
    <favourite name="NATIONAL FILM BOARD OF CANADA" thumb="http://i.imgur.com/aTZIDoR.jpg">ActivateWindow(10025,&quot;plugin://plugin.video.bennu/?action=directory&amp;content=0&amp;url=https%3a%2f%2fpastebin.com%2fraw%2fQdTnJAhM&amp;worker=0&quot;,return)</favourite>
    <favourite name="PERFORMING ARTS" thumb="https://i.imgur.com/Ax5KgMw.jpg">ActivateWindow(10025,&quot;plugin://plugin.video.bennu/?action=directory&amp;content=0&amp;url=https%3a%2f%2fpastebin.com%2fraw%2f4yXQVipJ&amp;worker=0&quot;,return)</favourite>
    <favourite name="PRESIDENTS" thumb="https://i.imgur.com/C0P0vPY.jpg">ActivateWindow(10025,&quot;plugin://plugin.video.bennu/?action=directory&amp;content=0&amp;url=https%3a%2f%2fpastebin.com%2fraw%2fM0KLfXgS&amp;worker=0&quot;,return)</favourite>
    <favourite name="RADIO" thumb="https://i.imgur.com/iVwKaSJ.jpg">ActivateWindow(10025,&quot;plugin://plugin.video.bennu/?action=directory&amp;content=0&amp;url=https%3a%2f%2fpastebin.com%2fraw%2fbqQHbBB0&amp;worker=0&quot;,return)</favourite>
    <favourite name="ROMANCE" thumb="https://i.imgur.com/we52UyQ.jpg">ActivateWindow(10025,&quot;plugin://plugin.video.bennu/?action=directory&amp;content=0&amp;url=https%3a%2f%2fpastebin.com%2fraw%2fUyQhMWg9&amp;worker=0&quot;,return)</favourite>
</favourites>