<favourites>
	<favourite name="SPORT365" thumb="http://i.imgur.com/hJ2vhip.png">ActivateWindow(10025,&quot;plugin://plugin.video.sport365.live/&amp;sf_options=winID%3D10025%26desc%3DVoetbal+|+F1+|+Darts+|+Meer..%26_options_sf&quot;,return)</favourite>
	<favourite name="Hesgoals.sc" thumb="http://tv-online.in/wp-content/uploads/2013/09/DD-SPORT-LIVE.jpg">ActivateWindow(10025,&quot;plugin://plugin.video.jericho/?fanart=%2fstorage%2f.kodi%2faddons%2fplugin.video.jericho%2ffanart.jpg&amp;mode=244&amp;name=Hesgoals.sc&amp;url&amp;sf_options=winID%3D10025%26desc%3DVoetbal+|+F1+|+Darts+|+Meer..%26_options_sf&quot;)</favourite>
    <favourite name="Joker Sport Live" thumb="https://i.imgur.com/OLdtTO3.png">ActivateWindow(10025,&quot;plugin://plugin.video.JokerSports/?description=No%20information%20available&amp;fanart=https%3a%2f%2fi.imgur.com%2fEWFZ5ir.jpg&amp;iconimage=https%3a%2f%2fi.imgur.com%2fOLdtTO3.png&amp;mode=Sport_Stream&amp;name=%5bCOLOR%20lime%5d%5bB%5d3pm%20Kick%20Offs%20%2f%20Live%20Sports%5b%2fB%5d%5b%2fCOLOR%5d&amp;url=games&amp;sf_options=winID%3D10025%26desc%3DVoetbal+|+F1+|+Darts+|+Meer..%26_options_sf&quot;,return)</favourite>
    <favourite name="Just Sport Live" thumb="special://home/addons/plugin.video.justsports/resources/media/icon.png">ActivateWindow(10025,&quot;plugin://plugin.video.justsports/?description=No%20information%20available&amp;mode=Sport_Stream&amp;url=games&amp;sf_options=winID%3D10025%26desc%3DTennis+|+F1+|+Darts+|+Meer..%26_options_sf&quot;,return)</favourite>
    <favourite name="Rising Tides Live" thumb="http://mullafabz.xyz/HOST/Icons/live_football_logo.jpg">ActivateWindow(10025,&quot;plugin://plugin.video.Rising.Tides/?fanart=http%3a%2f%2fmullafabz.xyz%2fHOST%2fIcons%2fmatchdays.jpg&amp;iconimage=http%3a%2f%2fmullafabz.xyz%2fHOST%2fIcons%2flive_football_logo.jpg&amp;mode=1&amp;name=%5bCOLOR%20pink%5d%5bB%5dL%5b%2fB%5d%5b%2fCOLOR%5d%5bCOLOR%20white%5d%5bB%5dive%5b%2fB%5d%5b%2fCOLOR%5d%20%5bCOLOR%20red%5d%5bB%5dF%5b%2fB%5d%5b%2fCOLOR%5d%5bCOLOR%20white%5d%5bB%5dootball%5b%2fB%5d%5b%2fCOLOR%5d&amp;url=http%3a%2f%2fbit.ly%2fFOOTYSTRMZ&amp;sf_options=winID%3D10025%26desc%3DVoetbal..%26_options_sf&quot;,return)</favourite>
    <favourite name="Sportsdevil Streams" thumb="https://xbmctv.files.wordpress.com/2013/02/sportsdevil-screenshot.png">ActivateWindow(10025,&quot;plugin://plugin.video.SportsDevil/?item=title%3dLive%2bSports%26url%3dlivesports.cfg%26definedIn%3dmainMenu.cfg%26director%3dSportsDevil%26genre%3dLive%2bSports%26type%3drss&amp;mode=1&amp;sf_options=desc%3DAanbod+van+allerlei+verschillende+sportstreams.%26_options_sf&quot;)</favourite>
	<favourite name="Kanalen IPTV" thumb="special://skin/logos/categorie.png">ActivateWindow(10025,&quot;plugin://plugin.program.super.favourites/?label=sportchannels&amp;mode=400&amp;path=special%3A%2F%2Fhome%2Faddons%2Fplugin.video.afkmenu%2Fmenu%5CSuper+Favourites%5Cmappen%5Csportchannels&amp;sf_options=winID%3D10025%26desc%3DLet+op+IPTV+kan+soms+niet+werken+of+bufferen..%26_options_sf&quot;,return)</favourite>
    <favourite name=">> INSTALL SPORT-REPO <<" thumb="special://skin/logos/sports.jpg">ActivateWindow(10025,&quot;plugin://plugin.video.sportrepo/&amp;sf_options=winID%3D10025%26desc%3DMust+have+als+je+sport+addons+wilt+installeren%26_options_sf&quot;,return)</favourite>
</favourites>